agency_cd	site_no	datetime	Turbidity, formazin nephelometric units (FNU) (Mean)		Turbidity, formazin nephelometric units (FNU) (Max)		Turbidity, formazin nephelometric units (FNU) (Min)		Gage height, feet (Mean)		 Gage height, feet (Minimum)		Gage height, feet (Mean)		Temperature, water, degrees Celsius (Maximum)		Temperature, water, degrees Celsius (Minimum)		Temperature, water, degrees Celsius (Mean)		Specific conductance, water, unfiltered, microsiemens per centimeter at 25 degrees Celsius (Maximum)		Specific conductance, water, unfiltered, microsiemens per centimeter at 25 degrees Celsius (Minimum)		Specific conductance, water, unfiltered, microsiemens per centimeter at 25 degrees Celsius (Mean)		Salinity, water, unfiltered, parts per thousand (Maximum)		Salinity, water, unfiltered, parts per thousand (Minimum)		Salinity, water, unfiltered, parts per thousand (Mean)		pH, water, unfiltered, field, standard units (Maximum)		pH, water, unfiltered, field, standard units (Minimum)		pH, water, unfiltered, field, standard units (Median)		Discharge, cubic feet per second (Mean)		Dissolved oxygen, water, unfiltered, milligrams per liter (Mean)		Nitrate plus nitrite, water, in situ, milligrams per liter as nitrogen (Mean)	
5s	15s	20d	14n	10s	14n	10s	14n	10s	14n	10s	14n	10s	14n	10s	14n	10s	14n	10s	14n	10s	14n	10s	14n	10s	14n	10s	14n	10s	14n	10s	14n	10s	14n	10s	14n	10s	14n	10s	14n	10s	14n	10s	14n	10s
USGS	7374000	2021-12-07	48.1	P	66.4	P	39.6	P	10.21	P	9.55	P	9.95	P	12.1	P	11.8	P	11.9	P	447	P	436	P	442	P	0.2	P	0.2	P	0.2	P	8	P	7.9	P	8	P	286000	P	10.2	P	1.3	P
USGS	7374000	2021-12-08	28.9	P	47.3	P	22.3	P	9.67	P	9.07	P	9.48	P	11.9	P	11.6	P	11.8	P	477	P	442	P	462	P	0.2	P	0.2	P	0.2	P	8	P	8	P	8	P	276000	P	10.3	P	1.31	P
USGS	7374000	2021-12-09	25.1	P	33.2	P	18.4	P	9.12	P	8.55	P	8.95	P	11.9	P	11.6	P	11.8	P	467	P	455	P	461	P	0.2	P	0.2	P	0.2	P	8	P	8	P	8	P	264000	P	10.3	P	1.31	P
USGS	7374000	2021-12-10	24.8	P	34.3	P	19.1	P	8.58	P	8.32	P	8.49	P	12.3	P	11.9	P	12.1	P	473	P	462	P	469	P	0.2	P	0.2	P	0.2	P	8	P	8	P	8	P	253000	P	10.2	P	1.27	P
USGS	7374000	2021-12-11	22.1	P	32.8	P	15.5	P	8.38	P	8.14	P	8.27	P	12.6	P	12.2	P	12.4	P	513	P	467	P	474	P	0.3	P	0.2	P	0.2	P	8	P	8	P	8	P	248000	P	10.2	P	1.25	P
USGS	7374000	2021-12-12	17.5	P	22.2	P	11.9	P	8.17	P	8.04	P	8.1	P	12.5	P	12.2	P	12.3	P	528	P	473	P	495	P	0.3	P	0.2	P	0.2	P	8	P	8	P	8	P	244000	P	10.2	P	1.25	P
USGS	7374000	2021-12-13	17.1	P	21.1	P	14.3	P	8.25	P	8.08	P	8.15	P	12.2	P	12	P	12.1	P	492	P	480	P	488	P	0.2	P	0.2	P	0.2	P	8	P	8	P	8	P	245000	P	10.3	P	1.24	P
USGS	7374000	2021-12-14	18.1	P	26	P	14.8	P	8.93	P	8.22	P	8.54	P	12.2	P	12	P	12.1	P	489	P	482	P	486	P	0.2	P	0.2	P	0.2	P	8	P	8	P	8	P	254000	P	10.3	P	1.23	P
USGS	7374000	2021-12-15	20.6	P	24.5	P	14.2	P	9.86	P	8.93	P	9.42	P	12.7	P	12.2	P	12.4	P	491	P	477	P	483	P	0.2	P	0.2	P	0.2	P	8	P	8	P	8	P	275000	P	10.3	P	1.19	P
USGS	7374000	2021-12-16	24.5	P	50.7	P	19.6	P	10.78	P	9.86	P	10.36	P	12.7	P	12.4	P	12.6	P	492	P	475	P	482	P	0.2	P	0.2	P	0.2	P	8	P	8	P	8	P	295000	P	10.3	P	1.17	P
USGS	7374000	2021-12-17	23.7	P	29.6	P	18.6	P	11.62	P	10.78	P	11.28	P	12.5	P	12.3	P	12.4	P	489	P	473	P	483	P	0.2	P	0.2	P	0.2	P	8.1	P	8	P	8	P	315000	P	10.3	P	1.17	P
USGS	7374000	2021-12-18	26.1	P	33.7	P	18.5	P	12.31	P	11.61	P	12.02	P	12.7	P	12.4	P	12.5	P	490	P	452	P	473	P	0.2	P	0.2	P	0.2	P	8.1	P	8	P	8	P	331000	P	10.2	P	1.15	P
USGS	7374000	2021-12-19	26.3	P	33.8	P	22.1	P	12.77	P	12.3	P	12.62	P	12.7	P	12	P	12.3	P	460	P	436	P	446	P	0.2	P	0.2	P	0.2	P	8	P	8	P	8	P	344000	P	10.1	P	1.14	P
USGS	7374000	2021-12-20	30.5	P	34.8	P	26	P	13.17	P	12.68	P	12.97	P	12	P	11.5	P	11.7	P	440	P	432	P	436	P	0.2	P	0.2	P	0.2	P	8	P	8	P	8	P	351000	P	10.2	P	1.16	P
USGS	7374000	2021-12-21	35.7	P	41.4	P	30.2	P	14.15	P	13.15	P	13.76	P	11.5	P	11	P	11.2	P	432	P	422	P	427	P	0.2	P	0.2	P	0.2	P	8	P	8	P	8	P	368000	P	10.2	P	1.17	P
USGS	7374000	2021-12-22	41.8	P	54.8	P	38.3	P	14.93	P	14.11	P	14.59	P	11.1	P	10.8	P	10.9	P	428	P	410	P	418	P	0.2	P	0.2	P	0.2	P	8	P	8	P	8	P	386000	P	10.2	P	1.13	P
USGS	7374000	2021-12-23	43	P	44.7	P	41.3	P	15.39	P	14.92	P	15.21	P	11	P	10.8	P	10.8	P	436	P	421	P	431	P	0.2	P	0.2	P	0.2	P	8	P	8	P	8	P	399000	P	10.2	P	1.07	P
USGS	7374000	2021-12-24	46.2	P	53.7	P	42.3	P	15.62	P	15.3	P	15.49	P	11.1	P	10.8	P	10.9	P	431	P	417	P	421	P	0.2	P	0.2	P	0.2	P	8	P	8	P	8	P	405000	P	10.2	P	1.06	P
USGS	7374000	2021-12-25	53.3	P	58.4	P	50.5	P	15.97	P	15.61	P	15.85	P	11.3	P	11	P	11.1	P	426	P	413	P	418	P	0.2	P	0.2	P	0.2	P	8	P	7.9	P	8	P	413000	P	10.1	P	1.04	P
USGS	7374000	2021-12-26	60.3	P	84.5	P	55	P	16.08	P	15.96	P	16.02	P	11.2	P	11	P	11.1	P	418	P	396	P	403	P	0.2	P	0.2	P	0.2	P	8	P	7.9	P	8	P	417000	P	10.2	P	1.05	P
USGS	7374000	2021-12-27	62.3	P	65.7	P	59.2	P	16.04	P	15.9	P	15.98	P	11.3	P	11.1	P	11.2	P	418	P	391	P	401	P	0.2	P	0.2	P	0.2	P	8	P	7.9	P	8	P	416000	P	10.2	P	1.05	P
USGS	7374000	2021-12-28	61.1	P	67.9	P	56.5	P	15.99	P	15.87	P	15.93	P	11.9	P	11.2	P	11.6	P	401	P	383	P	389	P	0.2	P	0.2	P	0.2	P	8	P	7.9	P	7.9	P	415000	P	10.1	P	1.06	P
USGS	7374000	2021-12-29	58.9	P	63.8	P	54.4	P	15.98	P	15.69	P	15.85	P	12.2	P	11.8	P	12	P	399	P	379	P	390	P	0.2	P	0.2	P	0.2	P	7.9	P	7.9	P	7.9	P	413000	P	10	P	1.1	P
USGS	7374000	2021-12-30	59.1	P	64.6	P	52.6	P	15.73	P	15.15	P	15.42	P	12.4	P	12.1	P	12.3	P	387	P	372	P	380	P	0.2	P	0.2	P	0.2	P	7.9	P	7.9	P	7.9	P	404000	P	9.9	P	1.11	P
USGS	7374000	2021-12-31	58.3	P	64.9	P	55.5	P	15.19	P	14.65	P	14.92	P	12.6	P	12.4	P	12.5	P	378	P	371	P	375	P	0.2	P	0.2	P	0.2	P	7.9	P	7.9	P	7.9	P	393000	P	9.8	P	1.11	P
USGS	7374000	2022-01-01	54	P	62.8	P	47.8	P	14.8	P	14.46	P	14.63	P	13.2	P	12.6	P	12.9	P	387	P	370	P	375	P	0.2	P	0.2	P	0.2	P	7.9	P	7.9	P	7.9	P	387000	P	9.8	P	1.15	P
USGS	7374000	2022-01-02	49.5	P	65.2	P	44.8	P	14.72	P	14.25	P	14.52	P	13.2	P	12.5	P	13	P	388	P	372	P	379	P	0.2	P	0.2	P	0.2	P	8	P	7.9	P	7.9	P	385000	P	9.8	P	1.19	P
USGS	7374000	2022-01-03	45	P	47.8	P	42.7	P	14.26	P	13.84	P	14.09	P	12.5	P	11.9	P	12.2	P	385	P	375	P	379	P	0.2	P	0.2	P	0.2	P	8	P	8	P	8	P	375000	P	10	P	1.19	P
USGS	7374000	2022-01-04	46.1	P	54.6	P	42.5	P	14.07	P	13.84	P	13.95	P	11.9	P	11.7	P	11.8	P	396	P	383	P	391	P	0.2	P	0.2	P	0.2	P	8	P	8	P	8	P	372000	P	10	P	1.16	P
USGS	7374000	2022-01-05	42.9	P	45.2	P	40.4	P	14.33	P	13.88	P	14.17	P	11.9	P	11.6	P	11.7	P	397	P	385	P	389	P	0.2	P	0.2	P	0.2	P	8	P	8	P	8	P	377000	P	9.9	P	1.18	P
USGS	7374000	2022-01-06	41.2	P	45.1	P	38.3	P	15.24	P	14.32	P	14.81	P	11.7	P	11.3	P	11.5	P	406	P	379	P	390	P	0.2	P	0.2	P	0.2	P	8	P	8	P	8	P	391000	P	10	P	1.2	P
USGS	7374000	2022-01-07	42.4	P	44.9	P	39	P	16.63	P	15.24	P	15.94	P	11.3	P	11	P	11.1	P	390	P	379	P	384	P	0.2	P	0.2	P	0.2	P	8	P	8	P	8	P	415000	P	10.1	P	1.18	P
USGS	7374000	2022-01-08	48.1	P	61.6	P	42.3	P	18.34	P	16.63	P	17.46	P	11	P	10.6	P	10.8	P	402	P	380	P	394	P	0.2	P	0.2	P	0.2	P	8	P	8	P	8	P	447000	P	10.2	P	1.19	P
USGS	7374000	2022-01-09	54.6	P	58.3	P	49.6	P	20.36	P	18.34	P	19.31	P	10.6	P	10.5	P	10.6	P	399	P	379	P	382	P	0.2	P	0.2	P	0.2	P	8	P	8	P	8	P	487000	P	10.2	P	1.24	P
USGS	7374000	2022-01-10	67.4	P	77.9	P	56.5	P	22.12	P	20.36	P	21.31	P	10.5	P	9.6	P	10.1	P	386	P	379	P	382	P	0.2	P	0.2	P	0.2	P	8	P	8	P	8	P	530000	P	10.4	P	1.28	P
USGS	7374000	2022-01-11	88.7	P	100	P	77.6	P	23.57	P	22.12	P	22.89	P	9.6	P	9.1	P	9.3	P	385	P	378	P	381	P	0.2	P	0.2	P	0.2	P	8	P	8	P	8	P	563000	P	10.4	P	1.28	P
USGS	7374000	2022-01-12	110	P	123	P	99.8	P	24.7	P	23.57	P	24.15	P	9.1	P	8.6	P	8.9	P	381	P	355	P	366	P	0.2	P	0.2	P	0.2	P	8	P	7.9	P	7.9	P	590000	P	10.4	P	1.25	P
USGS	7374000	2022-01-13	125	P	143	P	117	P	25.65	P	24.69	P	25.17	P	8.6	P	8.3	P	8.5	P	355	P	338	P	345	P	0.2	P	0.2	P	0.2	P	7.9	P	7.8	P	7.9	P	612000	P	10.3	P	1.21	P
USGS	7374000	2022-01-14	127	P	133	P	121	P	26.46	P	25.65	P	26.07	P	8.3	P	8.2	P	8.3	P	340	P	329	P	335	P	0.2	P	0.2	P	0.2	P	7.9	P	7.8	P	7.8	P	631000	P	10.5	P	1.17	P
USGS	7374000	2022-01-15	129	P	136	P	123	P	27.23	P	26.46	P	26.9	P	8.2	P	8	P	8.1	P	330	P	316	P	324	P	0.2	P	0.2	P	0.2	P	7.8	P	7.8	P	7.8	P	650000	P	10.5	P	1.16	P
USGS	7374000	2022-01-16	135	P	144	P	128	P	27.67	P	27.22	P	27.49	P	8	P	7.5	P	7.8	P	316	P	314	P	315	P	0.2	P	0.2	P	0.2	P	7.8	P	7.8	P	7.8	P	664000	P	10.6	P	1.14	P
USGS	7374000	2022-01-17	144	P	156	P	136	P	28.12	P	27.66	P	27.92	P	7.5	P	7.2	P	7.4	P	315	P	307	P	311	P	0.2	P	0.2	P	0.2	P	7.8	P	7.8	P	7.8	P	676000	P	10.6	P	1.12	P
USGS	7374000	2022-01-18	147	P	153	P	139	P	28.45	P	28.1	P	28.33	P	7.2	P	7	P	7.1	P	310	P	296	P	303	P	0.2	P	0.1	P	0.2	P	7.8	P	7.8	P	7.8	P	687000	P	10.8	P	1.1	P
USGS	7374000	2022-01-19	137	P	152	P	125	P	28.68	P	28.45	P	28.6	P	7.1	P	7	P	7	P	296	P	285	P	289	P	0.1	P	0.1	P	0.1	P	7.8	P	7.8	P	7.8	P	696000	P	10.8	P	1.08	P
USGS	7374000	2022-01-20	118	P	129	P	111	P	29.12	P	28.66	P	28.96	P	7.2	P	6.9	P	7.1	P	286	P	283	P	284	P	0.1	P	0.1	P	0.1	P	7.8	P	7.8	P	7.8	P	708000	P	10.9	P	1.07	P
USGS	7374000	2022-01-21	105	P	111	P	98	P	29.41	P	29.08	P	29.3	P	6.9	P	6.4	P	6.6	P	285	P	282	P	284	P	0.1	P	0.1	P	0.1	P	7.8	P	7.8	P	7.8	P	720000	P	11.1	P	1.08	P
USGS	7374000	2022-01-22	97.8	P	105	P	91.7	P	29.52	P	29.33	P	29.44	P	6.4	P	6.1	P	6.2	P	284	P	280	P	282	P	0.1	P	0.1	P	0.1	P	7.8	P	7.8	P	7.8	P	725000	P	11.3	P	1.07	P
USGS	7374000	2022-01-23	95.1	P	100	P	89.4	P	29.49	P	29.3	P	29.41	P	6.1	P	6	P	6	P	288	P	278	P	283	P	0.1	P	0.1	P	0.1	P	7.8	P	7.8	P	7.8	P	724000	P	11.3	P	1.05	P
USGS	7374000	2022-01-24	91.1	P	97.4	P	84.8	P	29.34	P	28.93	P	29.15	P	6	P	5.9	P	5.9	P	290	P	277	P	283	P	0.1	P	0.1	P	0.1	P	7.8	P	7.8	P	7.8	P	714000	P	11.4	P	1.02	P
USGS	7374000	2022-01-25	86.3	P	95	P	74	P	28.96	P	28.48	P	28.73	P	5.9	P	5.9	P	5.9	P	290	P	283	P	286	P	0.1	P	0.1	P	0.1	P	7.8	P	7.8	P	7.8	P	700000	P	11.4	P	1	P
USGS	7374000	2022-01-26	80.9	P	85.3	P	75.3	P	28.49	P	27.6	P	28.05	P	5.9	P	5.7	P	5.8	P	286	P	282	P	284	P	0.1	P	0.1	P	0.1	P	7.8	P	7.8	P	7.8	P	679000	P	11.5	P	0.99	P
USGS	7374000	2022-01-27	74.7	P	80.3	P	68.5	P	27.62	P	26.5	P	27.07	P	5.7	P	5.6	P	5.6	P	289	P	282	P	286	P	0.1	P	0.1	P	0.1	P	7.8	P	7.8	P	7.8	P	654000	P	11.5	P	0.98	P
USGS	7374000	2022-01-28	76.1	P	82.6	P	68.5	P	26.53	P	25.4	P	25.96	P	5.7	P	5.6	P	5.6	P	290	P	281	P	285	P	0.1	P	0.1	P	0.1	P	7.8	P	7.8	P	7.8	P	629000	P	11.6	P	0.97	P
USGS	7374000	2022-01-29	72.1	P	82.9	P	68.8	P	25.42	P	24.44	P	24.95	P	5.7	P	5.5	P	5.6	P	292	P	284	P	289	P	0.1	P	0.1	P	0.1	P	7.8	P	7.8	P	7.8	P	607000	P	11.8	P	0.97	P
USGS	7374000	2022-01-30	71.8	P	82.9	P	64.9	P	24.45	P	23.55	P	24.02	P	5.7	P	5.5	P	5.6	P	299	P	291	P	295	P	0.2	P	0.1	P	0.1	P	7.9	P	7.8	P	7.9	P	587000	P	11.9	P	0.96	P
USGS	7374000	2022-01-31	63.9	P	73	P	58.9	P	23.58	P	22.75	P	23.2	P	5.9	P	5.6	P	5.7	P	303	P	295	P	298	P	0.2	P	0.1	P	0.2	P	7.9	P	7.8	P	7.9	P	570000	P	12	P	0.96	P
USGS	7374000	2022-02-01	58.7	P	61.2	P	55.3	P	22.75	P	21.98	P	22.42	P	6	P	5.8	P	5.8	P	304	P	299	P	302	P	0.2	P	0.2	P	0.2	P	7.9	P	7.9	P	7.9	P	553000	P	12.1	P	0.96	P
USGS	7374000	2022-02-02	54	P	66.9	P	50.7	P	21.98	P	20.94	P	21.54	P	6.2	P	6	P	6.1	P	302	P	297	P	300	P	0.2	P	0.2	P	0.2	P	7.9	P	7.9	P	7.9	P	535000	P	12.2	P	0.95	P
USGS	7374000	2022-02-03	50.9	P	57.2	P	47.2	P	20.94	P	20.09	P	20.52	P	6.3	P	6.1	P	6.2	P	305	P	296	P	300	P	0.2	P	0.1	P	0.2	P	7.9	P	7.9	P	7.9	P	513000	P	12.1	P	0.95	P
USGS	7374000	2022-02-04	49.5	P	51.7	P	47.5	P	20.14	P	19.15	P	19.62	P	6.2	P	5.8	P	6	P	331	P	298	P	306	P	0.2	P	0.2	P	0.2	P	7.9	P	7.9	P	7.9	P	494000	P	12.1	P	0.95	P
USGS	7374000	2022-02-05	49	P	53.8	P	45.4	P	19.15	P	18.2	P	18.7	P	5.8	P	5.5	P	5.6	P	331	P	310	P	319	P	0.2	P	0.2	P	0.2	P	8	P	7.9	P	7.9	P	474000	P	12.2	P	0.94	P
USGS	7374000	2022-02-06	45.7	P	56.2	P	41.1	P	18.22	P	17.28	P	17.7	P	5.8	P	5.5	P	5.6	P	319	P	312	P	316	P	0.2	P	0.2	P	0.2	P	8	P	7.9	P	8	P	453000	P	12.3	P	0.94	P
USGS	7374000	2022-02-07	44.5	P	54	P	40.8	P	17.29	P	16.42	P	16.87	P	5.7	P	5.5	P	5.6	P	326	P	315	P	318	P	0.2	P	0.2	P	0.2	P	8	P	7.9	P	8	P	435000	P	12.3	P	0.95	P
USGS	7374000	2022-02-08	42.8	P	53.5	P	40.3	P	16.43	P	15.91	P	16.12	P	5.8	P	5.5	P	5.6	P	353	P	321	P	334	P	0.2	P	0.2	P	0.2	P	8	P	7.9	P	8	P	419000	P	12.3	P	0.96	P
USGS	7374000	2022-02-09	42.1	P	47.5	P	40.1	P	15.92	P	15.39	P	15.67	P	5.8	P	5.5	P	5.6	P	359	P	325	P	336	P	0.2	P	0.2	P	0.2	P	8	P	7.9	P	8	P	409000	P	12.3	P	0.97	P
USGS	7374000	2022-02-10	43	P	47.5	P	39.7	P	15.43	P	15.07	P	15.25	P	6	P	5.6	P	5.7	P	331	P	322	P	326	P	0.2	P	0.2	P	0.2	P	8	P	7.9	P	8	P	400000	P	12.3	P	0.96	P
USGS	7374000	2022-02-11	44	P	48.4	P	41.7	P	15.4	P	15.1	P	15.23	P	6.1	P	5.7	P	5.9	P	333	P	324	P	328	P	0.2	P	0.2	P	0.2	P	8	P	7.9	P	8	P	400000	P	12.2	P	0.96	P
USGS	7374000	2022-02-12	45.9	P	48.4	P	41.9	P	16.49	P	15.39	P	15.94	P	6.1	P	5.8	P	5.9	P	340	P	329	P	334	P	0.2	P	0.2	P	0.2	P	8	P	7.9	P	8	P	415000	P	12.2	P	1.01	P
USGS	7374000	2022-02-13	42.7	P	45.3	P	40.8	P	17.83	P	16.49	P	17.16	P	6	P	5.8	P	5.9	P	362	P	340	P	348	P	0.2	P	0.2	P	0.2	P	8	P	8	P	8	P	441000	P	12.3	P	1.07	P
USGS	7374000	2022-02-14	41.7	P	45.6	P	39.3	P	19.39	P	17.83	P	18.65	P	5.9	P	5.7	P	5.8	P	368	P	357	P	362	P	0.2	P	0.2	P	0.2	P	8	P	8	P	8	P	473000	P	12.3	P	1.11	P
USGS	7374000	2022-02-15	45.6	P	50.3	P	41.2	P	20.67	P	19.39	P	20.11	P	6	P	5.7	P	5.8	P	360	P	349	P	355	P	0.2	P	0.2	P	0.2	P	8	P	8	P	8	P	504000	P	12.3	P	1.11	P
USGS	7374000	2022-02-16	56	P	61.9	P	48.6	P	21.86	P	20.67	P	21.3	P	6.3	P	5.9	P	6.1	P	352	P	337	P	343	P	0.2	P	0.2	P	0.2	P	8	P	8	P	8	P	530000	P	12.3	P	1.08	P
USGS	7374000	2022-02-17	65.1	P	70.5	P	57	P	22.87	P	21.86	P	22.41	P	6.8	P	6.3	P	6.5	P	345	P	332	P	339	P	0.2	P	0.2	P	0.2	P	8	P	7.9	P	8	P	553000	P	12.2	P	1.05	P
USGS	7374000	2022-02-18	73.5	P	80.2	P	68.2	P	23.46	P	22.84	P	23.21	P	6.9	P	6.7	P	6.8	P	342	P	331	P	336	P	0.2	P	0.2	P	0.2	P	8	P	7.9	P	8	P	570000	P	12.1	P	1.04	P
USGS	7374000	2022-02-19	83.4	P	89.8	P	78.5	P	23.8	P	23.44	P	23.66	P	6.8	P	6.6	P	6.7	P	352	P	337	P	345	P	0.2	P	0.2	P	0.2	P	8	P	7.9	P	8	P	580000	P	12.1	P	1.03	P
USGS	7374000	2022-02-20	91.3	P	95.8	P	85.5	P	23.82	P	23.72	P	23.77	P	6.7	P	6.6	P	6.7	P	351	P	328	P	338	P	0.2	P	0.2	P	0.2	P	8	P	7.9	P	7.9	P	582000	P	12	P	1.02	P
USGS	7374000	2022-02-21	95.6	P	98.6	P	93	P	23.78	P	23.45	P	23.62	P	7	P	6.7	P	6.8	P	329	P	323	P	325	P	0.2	P	0.2	P	0.2	P	7.9	P	7.9	P	7.9	P	579000	P	11.9	P	1.01	P
USGS	7374000	2022-02-22	92.3	P	96.5	P	89.6	P	23.5	P	23.16	P	23.32	P	7.9	P	7	P	7.4	P	339	P	324	P	333	P	0.2	P	0.2	P	0.2	P	7.9	P	7.9	P	7.9	P	572000	P	11.8	P	1.02	P
USGS	7374000	2022-02-23	84.9	P	92.6	P	76.7	P	23.18	P	23	P	23.09	P	8.3	P	7.9	P	8.1	P	341	P	332	P	337	P	0.2	P	0.2	P	0.2	P	7.9	P	7.8	P	7.9	P	567000	P	11.6	P	1.04	P
USGS	7374000	2022-02-24	74.4	P	77.8	P	72.4	P	23.63	P	23.1	P	23.27	P	8.3	P	8.1	P	8.2	P	355	P	340	P	344	P	0.2	P	0.2	P	0.2	P	7.9	P	7.9	P	7.9	P	571000	P	11.5	P	1.09	P
USGS	7374000	2022-02-25	75.9	P	82	P	71.5	P	24.68	P	23.59	P	24.12	P	8.3	P	7.9	P	8.1	P	363	P	346	P	356	P	0.2	P	0.2	P	0.2	P	7.9	P	7.9	P	7.9	P	589000	P	11.3	P	1.14	P
USGS	7374000	2022-02-26	88.7	P	103	P	81.6	P	25.93	P	24.68	P	25.31	P	7.9	P	7.5	P	7.7	P	351	P	340	P	346	P	0.2	P	0.2	P	0.2	P	7.9	P	7.9	P	7.9	P	615000	P	11.3	P	1.19	P
USGS	7374000	2022-02-27	119	P	136	P	99.7	P	27.2	P	25.93	P	26.6	P	7.6	P	7.4	P	7.5	P	340	P	314	P	328	P	0.2	P	0.2	P	0.2	P	7.9	P	7.8	P	7.8	P	643000	P	11	P	1.14	P
USGS	7374000	2022-02-28	145	P	152	P	136	P	28.34	P	27.19	P	27.85	P	7.4	P	7.2	P	7.3	P	314	P	299	P	305	P	0.2	P	0.2	P	0.2	P	7.8	P	7.8	P	7.8	P	674000	P	10.9	P	1.07	P
USGS	7374000	2022-03-01	142	P	149	P	135	P	29.15	P	28.33	P	28.85	P	7.2	P	6.9	P	7	P	305	P	297	P	301	P	0.2	P	0.2	P	0.2	P	7.8	P	7.7	P	7.8	P	704000	P	10.9	P	1.07	P
USGS	7374000	2022-03-02	134	P	139	P	130	P	29.9	P	29.14	P	29.57	P	7	P	6.8	P	6.9	P	309	P	302	P	305	P	0.2	P	0.2	P	0.2	P	7.7	P	7.7	P	7.7	P	729000	P	10.9	P	1.06	P
USGS	7374000	2022-03-03	140	P	146	P	132	P	30.44	P	29.87	P	30.19	P	7.2	P	6.9	P	7.1	P	309	P	302	P	305	P	0.2	P	0.2	P	0.2	P	7.7	P	7.7	P	7.7	P	753000	P	10.8	P	1.04	P
USGS	7374000	2022-03-04	148	P	153	P	144	P	30.87	P	30.42	P	30.68	P	7.6	P	7.2	P	7.4	P	311	P	298	P	303	P	0.2	P	0.2	P	0.2	P	7.7	P	7.7	P	7.7	P	772000	P	10.7	P	1.02	P
USGS	7374000	2022-03-05	140	P	152	P	127	P	31.43	P	30.86	P	31.15	P	8	P	7.6	P	7.8	P	303	P	289	P	293	P	0.2	P	0.1	P	0.1	P	7.7	P	7.7	P	7.7	P	791000	P	10.7	P	1.01	P
USGS	7374000	2022-03-06	120	P	130	P	114	P	31.88	P	31.42	P	31.65	P	8.6	P	8	P	8.3	P	301	P	282	P	291	P	0.2	P	0.1	P	0.1	P	7.7	P	7.7	P	7.7	P	811000	P	10.7	P	1.01	P
USGS	7374000	2022-03-07	108	P	114	P	103	P	32.19	P	31.83	P	31.98	P	8.9	P	8.5	P	8.7	P	283	P	279	P	281	P	0.1	P	0.1	P	0.1	P	7.7	P	7.7	P	7.7	P	825000	P	10.6	P	1.01	P
USGS	7374000	2022-03-08	104	P	107	P	97.8	P	32.54	P	32.14	P	32.32	P	9	P	8.9	P	9	P	283	P	280	P	281	P	0.1	P	0.1	P	0.1	P	7.7	P	7.7	P	7.7	P	839000	P	10.5	P	1.01	P
USGS	7374000	2022-03-09	96.7	P	101	P	90.2	P	32.97	P	32.51	P	32.75	P	9.3	P	9	P	9.1	P	282	P	277	P	280	P	0.1	P	0.1	P	0.1	P	7.7	P	7.7	P	7.7	P	856000	P	10.4	P	1.02	P
USGS	7374000	2022-03-10	87.4	P	94.1	P	82.2	P	33.38	P	32.95	P	33.15	P	9.6	P	9.3	P	9.4	P	281	P	275	P	278	P	0.1	P	0.1	P	0.1	P	7.7	P	7.6	P	7.7	P	873000	P	10.2	P	1.03	P
USGS	7374000	2022-03-11	79.7	P	85	P	74.9	P	33.78	P	33.35	P	33.57	P	9.8	P	9.6	P	9.7	P	280	P	272	P	275	P	0.1	P	0.1	P	0.1	P	7.6	P	7.6	P	7.6	P	891000	P	10	P	1.03	P
USGS	7374000	2022-03-12	72.8	P	76.5	P	69.7	P	34.06	P	33.77	P	33.92	P	10	P	9.7	P	9.8	P	281	P	272	P	276	P	0.1	P	0.1	P	0.1	P	7.7	P	7.6	P	7.6	P	905000	P	10	P	1.04	P
USGS	7374000	2022-03-13	67.5	P	72.6	P	64	P	34.21	P	34.01	P	34.14	P	10	P	9.8	P	9.9	P	276	P	272	P	274	P	0.1	P	0.1	P	0.1	P	7.7	P	7.6	P	7.6	P	915000	P	10	P	1.06	P
USGS	7374000	2022-03-14	60.6	P	65.2	P	54.7	P	34.42	P	34.17	P	34.31	P	10.2	P	10	P	10.1	P	274	P	272	P	273	P	0.1	P	0.1	P	0.1	P	7.6	P	7.6	P	7.6	P	922000	P	9.9	P	1.06	P
USGS	7374000	2022-03-15	53.6	P	56.9	P	51.3	P	34.73	P	34.36	P	34.6	P	10.4	P	10.1	P	10.2	P	279	P	274	P	276	P	0.1	P	0.1	P	0.1	P	7.7	P	7.6	P	7.6	P	935000	P	9.9	P	1.07	P
USGS	7374000	2022-03-16	49.3	P	51.5	P	47.4	P	34.9	P	34.64	P	34.8	P	10.6	P	10.4	P	10.5	P	280	P	276	P	277	P	0.1	P	0.1	P	0.1	P	7.7	P	7.6	P	7.6	P	943000	P	9.8	P	1.07	P
USGS	7374000	2022-03-17	48.4	P	50	P	46.3	P	35.01	P	34.85	P	34.95	P	10.9	P	10.6	P	10.7	P	287	P	278	P	282	P	0.1	P	0.1	P	0.1	P	7.6	P	7.6	P	7.6	P	949000	P	9.7	P	1.07	P
USGS	7374000	2022-03-18	47.2	P	49	P	45.7	P	35.21	P	34.95	P	35.11	P	11.2	P	10.9	P	11.1	P	284	P	279	P	281	P	0.1	P	0.1	P	0.1	P	7.7	P	7.6	P	7.6	P	956000	P	9.6	P	1.08	P
USGS	7374000	2022-03-19	46.7	P	48.3	P	45.1	P	35.38	P	35.16	P	35.27	P	11.4	P	11.1	P	11.3	P	290	P	282	P	287	P	0.1	P	0.1	P	0.1	P	7.7	P	7.6	P	7.6	P	963000	P	9.6	P	1.08	P
USGS	7374000	2022-03-20	48	P	50.1	P	45.4	P	35.38	P	35.27	P	35.32	P	11.6	P	11.3	P	11.5	P	289	P	280	P	284	P	0.1	P	0.1	P	0.1	P	7.7	P	7.6	P	7.6	P	965000	P	9.5	P	1.05	P
USGS	7374000	2022-03-21	49.1	P	50.8	P	47	P	35.43	P	35.28	P	35.36	P	11.8	P	11.5	P	11.6	P	286	P	279	P	280	P	0.1	P	0.1	P	0.1	P	7.7	P	7.6	P	7.6	P	967000	P	9.5	P	1.03	P
USGS	7374000	2022-03-22	50.9	P	52.6	P	49.1	P	35.75	P	35.35	P	35.5	P	12	P	11.8	P	11.9	P	284	P	278	P	280	P	0.1	P	0.1	P	0.1	P	7.7	P	7.6	P	7.7	P	972000	P	9.5	P	1.02	P
USGS	7374000	2022-03-23	53.8	P	60.5	P	48.7	P	35.79	P	35.63	P	35.7	P	12.1	P	11.9	P	12	P	281	P	277	P	279	P	0.1	P	0.1	P	0.1	P	7.7	P	7.6	P	7.7	P	981000	P	9.4	P	1	P
USGS	7374000	2022-03-24	48.8	P	54.4	P	46.1	P	35.77	P	35.6	P	35.69	P	12.3	P	12	P	12.2	P	287	P	277	P	281	P	0.1	P	0.1	P	0.1	P	7.7	P	7.7	P	7.7	P	981000	P	9.4	P	0.99	P
USGS	7374000	2022-03-25	45.8	P	47.8	P	43.2	P	35.71	P	35.49	P	35.6	P	12.5	P	12.2	P	12.4	P	282	P	276	P	279	P	0.1	P	0.1	P	0.1	P	7.7	P	7.7	P	7.7	P	977000	P	9.3	P	0.99	P
USGS	7374000	2022-03-26	45.2	P	46.9	P	42.9	P	35.57	P	35.31	P	35.44	P	12.9	P	12.5	P	12.7	P	285	P	276	P	279	P	0.1	P	0.1	P	0.1	P	7.7	P	7.6	P	7.7	P	970000	P	9.2	P	0.98	P
USGS	7374000	2022-03-27	47.1	P	50.4	P	44.8	P	35.39	P	35.23	P	35.31	P	13.2	P	12.8	P	13	P	290	P	277	P	281	P	0.1	P	0.1	P	0.1	P	7.7	P	7.6	P	7.6	P	965000	P	9.1	P	0.97	P
USGS	7374000	2022-03-28	45.6	P	47.4	P	44.2	P	35.33	P	35.05	P	35.22	P	13.6	P	13.2	P	13.4	P	296	P	282	P	286	P	0.1	P	0.1	P	0.1	P	7.7	P	7.6	P	7.7	P	961000	P	9.1	P	0.97	P
USGS	7374000	2022-03-29	45.3	P	50.1	P	43.5	P	35.16	P	34.85	P	35.01	P	14	P	13.6	P	13.8	P	294	P	285	P	291	P	0.1	P	0.1	P	0.1	P	7.7	P	7.6	P	7.7	P	952000	P	9	P	0.95	P
USGS	7374000	2022-03-30	44.6	P	47.5	P	43.2	P	34.97	P	34.78	P	34.85	P	14.4	P	14	P	14.2	P	305	P	287	P	290	P	0.2	P	0.1	P	0.1	P	7.7	P	7.7	P	7.7	P	945000	P	9	P	0.94	P
USGS	7374000	2022-03-31	44.2	P	46.2	P	42	P	34.92	P	34.61	P	34.79	P	14.4	P	14.2	P	14.3	P	305	P	289	P	296	P	0.2	P	0.1	P	0.1	P	7.7	P	7.7	P	7.7	P	943000	P	8.9	P	0.92	P
USGS	7374000	2022-04-01	43.2	P	44.7	P	41.6	P	34.64	P	34.35	P	34.5	P	14.4	P	14.2	P	14.3	P	300	P	290	P	292	P	0.2	P	0.1	P	0.1	P	7.7	P	7.7	P	7.7	P	930000	P	8.8	P	0.9	P
USGS	7374000	2022-04-02	43.2	P	44.8	P	41.2	P	34.4	P	34.06	P	34.22	P	14.5	P	14.2	P	14.3	P	297	P	291	P	293	P	0.2	P	0.1	P	0.1	P	7.7	P	7.7	P	7.7	P	918000	P	8.8	P	0.89	P
USGS	7374000	2022-04-03	44.4	P	46.3	P	42.4	P	34.1	P	33.77	P	33.93	P	14.5	P	14.3	P	14.4	P	301	P	295	P	298	P	0.2	P	0.1	P	0.2	P	7.7	P	7.7	P	7.7	P	906000	P	8.8	P	0.92	P
USGS	7374000	2022-04-04	47.1	P	50.4	P	44.6	P	33.82	P	33.59	P	33.69	P	14.5	P	14.3	P	14.4	P	312	P	301	P	307	P	0.2	P	0.2	P	0.2	P	7.7	P	7.7	P	7.7	P	896000	P	8.8	P	0.98	P
USGS	7374000	2022-04-05	49.3	P	53.1	P	46	P	33.66	P	33.53	P	33.58	P	14.7	P	14.5	P	14.6	P	317	P	309	P	314	P	0.2	P	0.2	P	0.2	P	7.7	P	7.7	P	7.7	P	891000	P	8.7	P	1.02	P
USGS	7374000	2022-04-06	55	P	59	P	51.8	P	33.63	P	33.49	P	33.57	P	15	P	14.6	P	14.8	P	317	P	313	P	315	P	0.2	P	0.2	P	0.2	P	7.7	P	7.7	P	7.7	P	891000	P	8.5	P	1.02	P
USGS	7374000	2022-04-07	61	P	66.4	P	58.7	P	33.59	P	33.25	P	33.4	P	15.2	P	15	P	15.1	P	318	P	311	P	316	P	0.2	P	0.2	P	0.2	P	7.7	P	7.7	P	7.7	P	884000	P	8.4	P	1.01	P
USGS	7374000	2022-04-08	69	P	70.8	P	63.9	P	33.27	P	32.86	P	33.07	P	15.1	P	14.9	P	15	P	315	P	311	P	313	P	0.2	P	0.2	P	0.2	P	7.7	P	7.7	P	7.7	P	870000	P	8.4	P	1.05	P
USGS	7374000	2022-04-09	72.3	P	74.5	P	69.6	P	32.9	P	32.53	P	32.71	P	14.9	P	14.7	P	14.8	P	329	P	314	P	319	P	0.2	P	0.2	P	0.2	P	7.7	P	7.7	P	7.7	P	855000	P	8.4	P	1.14	P
USGS	7374000	2022-04-10	74.5	P	76.9	P	72.3	P	32.58	P	32.17	P	32.37	P	14.7	P	14.5	P	14.6	P	331	P	324	P	328	P	0.2	P	0.2	P	0.2	P	7.7	P	7.7	P	7.7	P	841000	P	8.4	P	1.23	P
USGS	7374000	2022-04-11	73.1	P	76.6	P	70.4	P	32.25	P	31.96	P	32.11	P	14.6	P	14.4	P	14.5	P	334	P	325	P	329	P	0.2	P	0.2	P	0.2	P	7.7	P	7.7	P	7.7	P	830000	P	8.4	P	1.31	P
USGS	7374000	2022-04-12	76.3	P	81	P	71.2	P	32	P	31.71	P	31.86	P	14.4	P	14.3	P	14.4	P	335	P	332	P	334	P	0.2	P	0.2	P	0.2	P	7.7	P	7.7	P	7.7	P	820000	P	8.4	P	1.37	P
USGS	7374000	2022-04-13	80.1	P	82.4	P	75.8	P	31.79	P	31.51	P	31.65	P	14.7	P	14.4	P	14.5	P	334	P	329	P	332	P	0.2	P	0.2	P	0.2	P	7.7	P	7.7	P	7.7	P	811000	P	8.5	P	1.38	P
USGS	7374000	2022-04-14	76.4	P	80	P	73.9	P	31.63	P	31.3	P	31.49	P	15	P	14.7	P	14.8	P	335	P	327	P	330	P	0.2	P	0.2	P	0.2	P	7.7	P	7.7	P	7.7	P	805000	P	8.5	P	1.36	P
USGS	7374000	2022-04-15	74.7	P	76.8	P	72.9	P	31.34	P	31.05	P	31.18	P	15.2	P	15	P	15.1	P	345	P	330	P	333	P	0.2	P	0.2	P	0.2	P	7.7	P	7.7	P	7.7	P	792000	P	8.5	P	1.38	P
USGS	7374000	2022-04-16	74.4	P	78.1	P	72.3	P	31.08	P	30.92	P	31	P	15.5	P	15.2	P	15.3	P	350	P	329	P	334	P	0.2	P	0.2	P	0.2	P	7.7	P	7.7	P	7.7	P	785000	P	8.4	P	1.4	P
USGS	7374000	2022-04-17	73.3	P	76	P	70.6	P	30.98	P	30.86	P	30.9	P	15.8	P	15.5	P	15.6	P	341	P	330	P	334	P	0.2	P	0.2	P	0.2	P	7.7	P	7.7	P	7.7	P	781000	P	8.3	P	1.46	P
USGS	7374000	2022-04-18	77.6	P	87.2	P	71.4	P	31.16	P	30.88	P	31.04	P	16	P	15.8	P	15.9	P	347	P	340	P	343	P	0.2	P	0.2	P	0.2	P	7.7	P	7.7	P	7.7	P	787000	P	8.3	P	1.53	P
USGS	7374000	2022-04-19	74.8	P	81.9	P	72.5	P	31.45	P	31.09	P	31.22	P	15.9	P	15.7	P	15.8	P	347	P	343	P	345	P	0.2	P	0.2	P	0.2	P	7.7	P	7.7	P	7.7	P	794000	P	8.3	P	1.55	P
USGS	7374000	2022-04-20	78.3	P	82.8	P	74.8	P	31.6	P	31.38	P	31.46	P	16	P	15.8	P	15.9	P	346	P	339	P	343	P	0.2	P	0.2	P	0.2	P	7.7	P	7.7	P	7.7	P	804000	P	8.1	P	1.45	P
USGS	7374000	2022-04-21	80.1	P	81.6	P	77.3	P	31.82	P	31.57	P	31.66	P	16	P	15.8	P	15.9	P	339	P	334	P	337	P	0.2	P	0.2	P	0.2	P	7.7	P	7.7	P	7.7	P	812000	P	8.1	P	1.39	P
USGS	7374000	2022-04-22	75	P	77.6	P	71.4	P	32.07	P	31.8	P	31.92	P	16	P	15.8	P	15.9	P	336	P	332	P	334	P	0.2	P	0.2	P	0.2	P	7.7	P	7.7	P	7.7	P	822000	P	8.1	P	1.32	P
USGS	7374000	2022-04-23	68.3	P	72.7	P	62.8	P	32.38	P	32.07	P	32.19	P	16.2	P	15.9	P	16.1	P	337	P	331	P	334	P	0.2	P	0.2	P	0.2	P	7.7	P	7.7	P	7.7	P	833000	P	8.1	P	1.27	P
USGS	7374000	2022-04-24	62.8	P	67.3	P	59.1	P	32.67	P	32.35	P	32.49	P	16.4	P	16.2	P	16.3	P	336	P	332	P	334	P	0.2	P	0.2	P	0.2	P	7.7	P	7.7	P	7.7	P	846000	P	8.1	P	1.27	P
USGS	7374000	2022-04-25	59.6	P	63.3	P	56.1	P	32.92	P	32.63	P	32.78	P	16.6	P	16.3	P	16.5	P	338	P	332	P	336	P	0.2	P	0.2	P	0.2	P	7.7	P	7.7	P	7.7	P	858000	P	8	P	1.26	P
USGS	7374000	2022-04-26	55.6	P	58.5	P	53.1	P	33.15	P	32.89	P	33.05	P	16.9	P	16.5	P	16.7	P	334	P	323	P	328	P	0.2	P	0.2	P	0.2	P	7.7	P	7.7	P	7.7	P	869000	P	8	P	1.2	P
USGS	7374000	2022-04-27	52.2	P	54.9	P	47.6	P	33.3	P	33.13	P	33.21	P	17.3	P	16.9	P	17.1	P	325	P	315	P	321	P	0.2	P	0.2	P	0.2	P	7.7	P	7.7	P	7.7	P	875000	P	7.9	P	1.11	P
USGS	7374000	2022-04-28	48.9	P	51.8	P	46.4	P	33.36	P	33.24	P	33.31	P	17.4	P	17.2	P	17.3	P	319	P	310	P	314	P	0.2	P	0.2	P	0.2	P	7.7	P	7.6	P	7.7	P	880000	P	7.9	P	1.06	P
USGS	7374000	2022-04-29	46.2	P	48.6	P	45.1	P	33.34	P	33.23	P	33.29	P	17.6	P	17.3	P	17.4	P	311	P	309	P	310	P	0.2	P	0.2	P	0.2	P	7.7	P	7.6	P	7.6	P	879000	P	7.8	P	1.04	P
USGS	7374000	2022-04-30	44.4	P	47.2	P	36.1	P	33.41	P	33.28	P	33.34	P	17.9	P	17.6	P	17.7	P	313	P	307	P	309	P	0.2	P	0.2	P	0.2	P	7.7	P	7.6	P	7.6	P	881000	P	7.7	P	1.03	P
USGS	7374000	2022-05-01	42.7	P	44.7	P	40.3	P	33.51	P	33.34	P	33.42	P	18.3	P	17.9	P	18.1	P	320	P	313	P	316	P	0.2	P	0.2	P	0.2	P	7.7	P	7.6	P	7.6	P	884000	P	7.6	P	1.04	P
USGS	7374000	2022-05-02	44	P	50	P	41.4	P	33.48	P	33.28	P	33.37	P	18.8	P	18.3	P	18.6	P	325	P	315	P	318	P	0.2	P	0.2	P	0.2	P	7.7	P	7.6	P	7.7	P	882000	P	7.6	P	1.05	P
USGS	7374000	2022-05-03	42.9	P	45.3	P	39.2	P	33.33	P	33.06	P	33.19	P	19.1	P	18.8	P	19	P	325	P	322	P	323	P	0.2	P	0.2	P	0.2	P	7.7	P	7.6	P	7.7	P	875000	P	7.4	P	1.06	P
USGS	7374000	2022-05-04	44.4	P	46.8	P	42.3	P	33.1	P	32.69	P	32.89	P	19.5	P	19.1	P	19.3	P	324	P	319	P	321	P	0.2	P	0.2	P	0.2	P	7.7	P	7.6	P	7.6	P	862000	P	7.3	P	1.05	P
USGS	7374000	2022-05-05	46.7	P	49.3	P	44.9	P	32.75	P	32.28	P	32.49	P	20	P	19.5	P	19.7	P	330	P	319	P	325	P	0.2	P	0.2	P	0.2	P	7.7	P	7.5	P	7.6	P	846000	P	7.2	P	1.03	P
USGS	7374000	2022-05-06	45.1	P	47.4	P	42.6	P	32.37	P	31.91	P	32.1	P	20.4	P	20	P	20.2	P	331	P	322	P	326	P	0.2	P	0.2	P	0.2	P	7.7	P	7.7	P	7.7	P	830000	P	7.2	P	1.03	P
USGS	7374000	2022-05-07	45.1	P	46.5	P	43.8	P	31.91	P	31.4	P	31.64	P	20.7	P	20.3	P	20.5	P	335	P	325	P	330	P	0.2	P	0.2	P	0.2	P	7.7	P	7.7	P	7.7	P	811000	P	7.1	P	1.06	P
USGS	7374000	2022-05-08	47.1	P	48.9	P	44.8	P	31.46	P	31.11	P	31.26	P	21	P	20.7	P	20.8	P	343	P	333	P	338	P	0.2	P	0.2	P	0.2	P	7.7	P	7.7	P	7.7	P	796000	P	7.1	P	1.09	P
USGS	7374000	2022-05-09	47.3	P	51.2	P	45.4	P	31.14	P	30.8	P	30.96	P	21.1	P	20.8	P	21	P	350	P	342	P	345	P	0.2	P	0.2	P	0.2	P	7.7	P	7.7	P	7.7	P	784000	P	7.1	P	1.14	P
USGS	7374000	2022-05-10	48.4	P	51.3	P	46.6	P	30.87	P	30.74	P	30.8	P	21.2	P	21	P	21.1	P	350	P	345	P	347	P	0.2	P	0.2	P	0.2	P	7.7	P	7.7	P	7.7	P	777000	P	7.2	P	1.16	P
USGS	7374000	2022-05-11	49.4	P	51.9	P	46.5	P	30.82	P	30.74	P	30.78	P	21.1	P	20.9	P	21	P	354	P	349	P	351	P	0.2	P	0.2	P	0.2	P	7.7	P	7.7	P	7.7	P	777000	P	7.2	P	1.19	P
USGS	7374000	2022-05-12	50.2	P	57.2	P	47.8	P	30.95	P	30.75	P	30.85	P	21	P	20.8	P	20.9	P	354	P	350	P	352	P	0.2	P	0.2	P	0.2	P	7.7	P	7.7	P	7.7	P	779000	P	7.3	P	1.25	P
USGS	7374000	2022-05-13	55	P	60.3	P	51.8	P	31.23	P	30.89	P	31.04	P	20.9	P	20.8	P	20.8	P	357	P	350	P	352	P	0.2	P	0.2	P	0.2	P	7.8	P	7.7	P	7.7	P	787000	P	7.3	P	1.28	P
USGS	7374000	2022-05-14	59.7	P	64.6	P	57.5	P	31.38	P	31.18	P	31.27	P	21	P	20.7	P	20.8	P	362	P	355	P	358	P	0.2	P	0.2	P	0.2	P	7.8	P	7.7	P	7.8	P	796000	P	7.3	P	1.32	P
USGS	7374000	2022-05-15	74.1	P	87.2	P	64.3	P	31.63	P	31.35	P	31.46	P	21	P	20.8	P	20.9	P	365	P	359	P	363	P	0.2	P	0.2	P	0.2	P	7.7	P	7.7	P	7.7	P	804000	P	7.1	P	1.36	P
USGS	7374000	2022-05-16	92.3	P	97.7	P	87.2	P	31.86	P	31.57	P	31.7	P	21.2	P	20.9	P	21	P	359	P	347	P	353	P	0.2	P	0.2	P	0.2	P	7.7	P	7.7	P	7.7	P	814000	P	6.9	P	1.36	P
USGS	7374000	2022-05-17	91.1	P	94.6	P	87.8	P	32.1	P	31.84	P	31.94	P	21.4	P	21.1	P	21.3	P	348	P	337	P	343	P	0.2	P	0.2	P	0.2	P	7.7	P	7.7	P	7.7	P	823000	P	6.7	P	1.3	P
USGS	7374000	2022-05-18	88	P	92.3	P	84.5	P	32.28	P	32.04	P	32.13	P	21.8	P	21.4	P	21.6	P	337	P	328	P	332	P	0.2	P	0.2	P	0.2	P	7.7	P	7.7	P	7.7	P	831000	P	6.6	P	1.25	P
USGS	7374000	2022-05-19	78.9	P	85.7	P	72.3	P	32.43	P	32.22	P	32.29	P	22.1	P	21.7	P	21.9	P	335	P	328	P	330	P	0.2	P	0.2	P	0.2	P	7.7	P	7.7	P	7.7	P	838000	P	6.6	P	1.3	P
USGS	7374000	2022-05-20	66.8	P	74.7	P	61.1	P	32.6	P	32.42	P	32.48	P	22.6	P	22.1	P	22.4	P	345	P	334	P	339	P	0.2	P	0.2	P	0.2	P	7.7	P	7.7	P	7.7	P	845000	P	6.7	P	1.34	P
USGS	7374000	2022-05-21	60.6	P	64	P	56.9	P	32.83	P	32.6	P	32.67	P	23	P	22.6	P	22.8	P	354	P	345	P	350	P	0.2	P	0.2	P	0.2	P	7.7	P	7.7	P	7.7	P	853000	P	6.7	P	1.39	P
USGS	7374000	2022-05-22	56.8	P	59.7	P	54.9	P	33.04	P	32.74	P	32.86	P	23.3	P	23	P	23.1	P	357	P	353	P	354	P	0.2	P	0.2	P	0.2	P	7.7	P	7.7	P	7.7	P	861000	P	6.7	P	1.41	P
USGS	7374000	2022-05-23	55.7	P	58	P	53.5	P	33.07	P	32.96	P	33.01	P	23.5	P	23.2	P	23.3	P	357	P	353	P	355	P	0.2	P	0.2	P	0.2	P	7.7	P	7.7	P	7.7	P	867000	P	6.6	P	1.41	P
USGS	7374000	2022-05-24	55.6	P	60	P	53.3	P	33.02	P	32.87	P	32.94	P	23.8	P	23.5	P	23.7	P	358	P	354	P	355	P	0.2	P	0.2	P	0.2	P	7.8	P	7.7	P	7.7	P	864000	P	6.6	P	1.42	P
USGS	7374000	2022-05-25	56.3	P	60.3	P	52.9	P	32.9	P	32.71	P	32.82	P	23.8	P	23.6	P	23.7	P	354	P	351	P	352	P	0.2	P	0.2	P	0.2	P	7.8	P	7.7	P	7.8	P	859000	P	6.5	P	1.41	P
USGS	7374000	2022-05-26							32.72	P	32.29	P	32.51	P																									846000	P			1.4	P
USGS	7374000	2022-05-27	47.9	P	51.3	P	45.5	P	32.29	P	31.84	P	32.05	P	24	P	23.8	P	23.9	P	356	P	354	P	355	P	0.2	P	0.2	P	0.2	P	7.8	P	7.7	P	7.8	P	828000	P	6.4	P	1.39	P
USGS	7374000	2022-05-28	48	P	51.3	P	45.1	P	31.84	P	31.38	P	31.59	P	24	P	23.8	P	23.9	P	356	P	353	P	354	P	0.2	P	0.2	P	0.2	P	7.8	P	7.7	P	7.8	P	809000	P	6.5	P	1.38	P
USGS	7374000	2022-05-29	50.1	P	57.5	P	46.8	P	31.38	P	30.87	P	31.1	P	24.1	P	23.9	P	24	P	356	P	352	P	354	P	0.2	P	0.2	P	0.2	P	7.8	P	7.8	P	7.8	P	789000	P	6.5	P	1.41	P
USGS	7374000	2022-05-30	53.7	P	58.2	P	49.3	P	30.91	P	30.48	P	30.64	P	24.1	P	24	P	24	P	368	P	354	P	358	P	0.2	P	0.2	P	0.2	P	7.8	P	7.8	P	7.8	P	771000	P	6.6	P	1.48	P
USGS	7374000	2022-05-31	56.6	P	60.3	P	53.1	P	30.49	P	30.13	P	30.27	P	24	P	23.9	P	24	P	365	P	361	P	363	P	0.2	P	0.2	P	0.2	P	7.8	P	7.8	P	7.8	P	756000	P	6.6	P	1.56	P
USGS	7374000	2022-06-01	55.8	P	60.9	P	51	P	30.14	P	29.82	P	29.94	P	24	P	23.9	P	23.9	P	372	P	362	P	366	P	0.2	P	0.2	P	0.2	P	7.8	P	7.8	P	7.8	P	743000	P	6.6	P	1.61	P
USGS	7374000	2022-06-02	54.3	P	58	P	51	P	29.85	P	29.57	P	29.68	P	24.2	P	23.9	P	24	P	382	P	371	P	377	P	0.2	P	0.2	P	0.2	P	7.8	P	7.8	P	7.8	P	733000	P	6.8	P	1.59	P
USGS	7374000	2022-06-03	54	P	57	P	49.9	P	29.63	P	29.32	P	29.46	P	24.1	P	24	P	24.1	P	381	P	372	P	376	P	0.2	P	0.2	P	0.2	P	7.8	P	7.8	P	7.8	P	725000	P	6.8	P	1.53	P
USGS	7374000	2022-06-04	53.9	P	57.5	P	50.8	P	29.34	P	29.02	P	29.16	P	24.4	P	24	P	24.2	P	373	P	362	P	367	P	0.2	P	0.2	P	0.2	P	7.8	P	7.8	P	7.8	P	715000	P	6.8	P	1.44	P
USGS	7374000	2022-06-05	56	P	61	P	51.3	P	29.05	P	28.78	P	28.89	P	24.4	P	24.2	P	24.3	P	366	P	355	P	359	P	0.2	P	0.2	P	0.2	P	7.8	P	7.8	P	7.8	P	705000	P	6.7	P	1.38	P
USGS	7374000	2022-06-06	55.7	P	59.6	P	52.4	P	28.83	P	28.66	P	28.72	P	24.6	P	24.4	P	24.5	P	374	P	349	P	360	P	0.2	P	0.2	P	0.2	P	7.8	P	7.8	P	7.8	P	700000	P	6.8	P	1.36	P
USGS	7374000	2022-06-07	54.6	P	57.7	P	51.9	P	28.71	P	28.55	P	28.63	P	24.8	P	24.5	P	24.6	P	362	P	349	P	353	P	0.2	P	0.2	P	0.2	P	7.8	P	7.8	P	7.8	P	697000	P	6.8	P	1.35	P
USGS	7374000	2022-06-08	53.1	P	56	P	49.1	P	28.69	P	28.57	P	28.62	P	25	P	24.7	P	24.9	P	362	P	353	P	358	P	0.2	P	0.2	P	0.2	P	7.8	P	7.8	P	7.8	P	697000	P	6.8	P	1.38	P
USGS	7374000	2022-06-09	50.9	P	53.2	P	48.4	P	28.73	P	28.63	P	28.69	P	25.3	P	25	P	25.2	P	371	P	360	P	366	P	0.2	P	0.2	P	0.2	P	7.8	P	7.8	P	7.8	P	699000	P	6.7	P	1.38	P
USGS	7374000	2022-06-10	51.7	P	68	P	47.5	P	28.72	P	28.61	P	28.67	P	25.4	P	25.3	P	25.4	P	380	P	371	P	373	P	0.2	P	0.2	P	0.2	P	7.8	P	7.8	P	7.8	P	698000	P	6.7	P	1.38	P
USGS	7374000	2022-06-11	54.3	P	60.1	P	48.9	P	28.67	P	28.6	P	28.64	P	25.5	P	25.4	P	25.4	P	394	P	380	P	387	P	0.2	P	0.2	P	0.2	P	7.8	P	7.8	P	7.8	P	697000	P	6.6	P	1.39	P
USGS	7374000	2022-06-12	64	P	70.1	P	59.6	P	28.62	P	28.52	P	28.58	P	25.5	P	25.3	P	25.4	P	394	P	379	P	382	P	0.2	P	0.2	P	0.2	P	7.8	P	7.8	P	7.8	P	695000	P	6.4	P	1.44	P
USGS	7374000	2022-06-13	66.8	P	73.8	P	61.9	P	28.59	P	28.45	P	28.51	P	25.4	P	25.2	P	25.3	P	383	P	378	P	380	P	0.2	P	0.2	P	0.2	P	7.8	P	7.8	P	7.8	P	693000	P	6.4	P	1.51	P
USGS	7374000	2022-06-14	72.8	P	81.9	P	64.9	P	28.49	P	28.35	P	28.41	P	25.5	P	25.2	P	25.4	P	383	P	379	P	381	P	0.2	P	0.2	P	0.2	P	7.8	P	7.8	P	7.8	P	690000	P	6.5	P	1.63	P
USGS	7374000	2022-06-15	91	P	102	P	81.7	P	28.4	P	28.31	P	28.35	P	25.9	P	25.4	P	25.7	P	390	P	378	P	383	P	0.2	P	0.2	P	0.2	P	7.8	P	7.8	P	7.8	P	688000	P	6.3	P	1.77	P
USGS	7374000	2022-06-16	95.4	P	101	P	91.2	P	28.36	P	28.23	P	28.29	P	26.3	P	25.9	P	26.1	P	387	P	374	P	378	P	0.2	P	0.2	P	0.2	P	7.8	P	7.8	P	7.8	P	686000	P	6.2	P	1.79	P
USGS	7374000	2022-06-17	92.6	P	96.1	P	87	P	28.33	P	28.16	P	28.23	P	26.9	P	26.3	P	26.6	P	382	P	370	P	376	P	0.2	P	0.2	P	0.2	P	7.8	P	7.8	P	7.8	P	685000	P	6.2	P	1.76	P
USGS	7374000	2022-06-18	84	P	90.2	P	79.8	P	28.2	P	27.92	P	28.04	P	27.5	P	26.9	P	27.2	P	372	P	356	P	361	P	0.2	P	0.2	P	0.2	P	7.8	P	7.8	P	7.8	P	679000	P	6.2	P	1.72	P
USGS	7374000	2022-06-19	78.6	P	82.3	P	75.4	P	27.93	P	27.59	P	27.74	P	28.1	P	27.5	P	27.8	P	359	P	350	P	354	P	0.2	P	0.2	P	0.2	P	7.8	P	7.8	P	7.8	P	671000	P	6.1	P	1.66	P
USGS	7374000	2022-06-20	72.1	P	78	P	65.3	P	27.6	P	27.14	P	27.35	P	28.4	P	28.1	P	28.3	P	359	P	351	P	354	P	0.2	P	0.2	P	0.2	P	7.8	P	7.8	P	7.8	P	661000	P	6	P	1.62	P
USGS	7374000	2022-06-21	61.5	P	67.5	P	57.8	P	27.14	P	26.51	P	26.82	P	28.8	P	28.4	P	28.6	P	364	P	357	P	360	P	0.2	P	0.2	P	0.2	P	7.8	P	7.8	P	7.8	P	648000	P	6	P	1.59	P
USGS	7374000	2022-06-22	58.7	P	75.2	P	54.4	P	26.51	P	25.69	P	26.12	P	29.1	P	28.7	P	28.9	P	364	P	358	P	361	P	0.2	P	0.2	P	0.2	P	7.8	P	7.8	P	7.8	P	632000	P	5.9	P	1.51	P
USGS	7374000	2022-06-23	55.8	P	61.2	P	50.3	P	25.69	P	24.7	P	25.2	P	29.4	P	29	P	29.2	P	374	P	362	P	367	P	0.2	P	0.2	P	0.2	P	7.8	P	7.8	P	7.8	P	613000	P	5.9	P	1.44	P
USGS	7374000	2022-06-24	56.1	P	63.9	P	49.1	P	24.71	P	23.78	P	24.24	P	29.8	P	29.4	P	29.6	P	395	P	370	P	387	P	0.2	P	0.2	P	0.2	P	7.8	P	7.8	P	7.8	P	592000	P	5.8	P	1.44	P
USGS	7374000	2022-06-25	64.1	P	86.4	P	54.8	P	23.78	P	22.65	P	23.21	P	30	P	29.6	P	29.8	P	407	P	386	P	395	P	0.2	P	0.2	P	0.2	P	7.8	P	7.8	P	7.8	P	570000	P	5.6	P	1.51	P
USGS	7374000	2022-06-26	76	P	89.5	P	65.1	P	22.65	P	21.59	P	22.1	P	30.1	P	29.8	P	30	P	416	P	399	P	405	P	0.2	P	0.2	P	0.2	P	7.8	P	7.8	P	7.8	P	547000	P	5.6	P	1.6	P
USGS	7374000	2022-06-27	72.3	P	91.1	P	65.5	P	21.59	P	20.56	P	21.03	P	30	P	29.7	P	29.9	P	413	P	405	P	408	P	0.2	P	0.2	P	0.2	P	7.8	P	7.8	P	7.8	P	524000	P	5.6	P	1.68	P
USGS	7374000	2022-06-28	66.3	P	75.2	P	53.8	P	20.56	P	19.54	P	20	P	29.8	P	29.6	P	29.7	P	446	P	411	P	420	P	0.2	P	0.2	P	0.2	P	7.9	P	7.8	P	7.9	P	502000	P	5.7	P	1.73	P
USGS	7374000	2022-06-29	60.7	P	70.7	P	53.8	P	19.54	P	18.68	P	19.07	P	29.6	P	29.4	P	29.5	P	431	P	414	P	421	P	0.2	P	0.2	P	0.2	P	7.9	P	7.9	P	7.9	P	482000	P	5.8	P	1.79	P
USGS	7374000	2022-06-30	65.7	P	95	P	55.1	P	18.7	P	17.77	P	18.21	P	29.5	P	29.3	P	29.4	P	433	P	412	P	419	P	0.2	P	0.2	P	0.2	P	7.9	P	7.9	P	7.9	P	463000	P	5.8	P	1.79	P
USGS	7374000	2022-07-01	56.7	P	64.3	P	48.1	P	17.78	P	16.92	P	17.3	P	29.3	P	29.1	P	29.2	P	433	P	411	P	420	P	0.2	P	0.2	P	0.2	P	7.9	P	7.9	P	7.9	P	444000	P	6	P	1.81	P
USGS	7374000	2022-07-02	51.2	P	73.8	P	43.3	P	16.92	P	16.13	P	16.48	P	29.2	P	29	P	29.1	P	432	P	420	P	426	P	0.2	P	0.2	P	0.2	P	7.9	P	7.9	P	7.9	P	427000	P	6.1	P	1.82	P
USGS	7374000	2022-07-03	46.4	P	55.3	P	40.3	P	16.13	P	15.4	P	15.73	P	29.2	P	28.9	P	29	P	443	P	429	P	437	P	0.2	P	0.2	P	0.2	P	7.9	P	7.9	P	7.9	P	410000	P	6.1	P	1.81	P
USGS	7374000	2022-07-04	46.4	P	59.6	P	39.5	P	15.4	P	14.51	P	14.96	P	29.5	P	28.9	P	29.2	P	444	P	432	P	438	P	0.2	P	0.2	P	0.2	P	8	P	7.9	P	8	P	394000	P	6.2	P	1.86	P
USGS	7374000	2022-07-05	42.1	P	46.5	P	37.1	P	14.54	P	13.76	P	14.12	P	29.5	P	29.2	P	29.3	P	449	P	438	P	441	P	0.2	P	0.2	P	0.2	P	8	P	8	P	8	P	376000	P	6.2	P	1.9	P
USGS	7374000	2022-07-06	41.7	P	47	P	37.5	P	13.77	P	12.87	P	13.31	P	29.5	P	29.1	P	29.3	P	453	P	441	P	447	P	0.2	P	0.2	P	0.2	P	8	P	8	P	8	P	359000	P	6.2	P	1.91	P
USGS	7374000	2022-07-07	40.6	P	67.1	P	33.1	P	12.89	P	12.6	P	12.71	P	29.6	P	29.2	P	29.4	P	459	P	446	P	455	P	0.2	P	0.2	P	0.2	P	8	P	8	P	8	P	346000	P	6.3	P	1.91	P
USGS	7374000	2022-07-08	37.6	P	58.9	P	28.5	P	12.6	P	12.23	P	12.45	P	29.6	P	29.1	P	29.4	P	458	P	445	P	451	P	0.2	P	0.2	P	0.2	P	8	P	8	P	8	P	340000	P	6.3	P	1.93	P
USGS	7374000	2022-07-09	30	P	37.8	P	25.1	P	12.26	P	11.7	P	11.98	P	30.2	P	29.4	P	29.8	P	457	P	449	P	454	P	0.2	P	0.2	P	0.2	P	8	P	8	P	8	P	330000	P	6.4	P	1.93	P
USGS	7374000	2022-07-10	27.3	P	37.1	P	23.2	P	11.71	P	11.38	P	11.52	P	30.5	P	29.9	P	30.2	P	460	P	448	P	453	P	0.2	P	0.2	P	0.2	P	8	P	8	P	8	P	320000	P	6.5	P	1.9	P
USGS	7374000	2022-07-11	30.5	P	42.9	P	21.7	P	11.38	P	10.96	P	11.14	P	30.8	P	30.1	P	30.4	P	462	P	452	P	458	P	0.2	P	0.2	P	0.2	P	8	P	8	P	8	P	312000	P	6.4	P	1.88	P
USGS	7374000	2022-07-12	27.3	P	34.6	P	20.8	P	10.96	P	10.42	P	10.66	P	30.9	P	30.4	P	30.7	P	507	P	447	P	479	P	0.2	P	0.2	P	0.2	P	8.1	P	8	P	8	P	301000	P	6.4	P	1.88	P
USGS	7374000	2022-07-13	26.1	P	29.8	P	21.4	P	10.43	P	9.87	P	10.04	P	31.3	P	30.8	P	31.1	P	473	P	460	P	466	P	0.2	P	0.2	P	0.2	P	8.1	P	8	P	8	P	288000	P	6.3	P	1.88	P
USGS	7374000	2022-07-14	22.9	P	35.4	P	18	P	9.87	P	9.37	P	9.56	P	31.3	P	31	P	31.1	P	502	P	460	P	466	P	0.2	P	0.2	P	0.2	P	8.1	P	8	P	8	P	278000	P	6.3	P	1.86	P
USGS	7374000	2022-07-15	21.1	P	32.5	P	13.3	P	9.56	P	9.14	P	9.34	P	31.2	P	30.8	P	31	P	515	P	474	P	491	P	0.3	P	0.2	P	0.2	P	8.1	P	8	P	8	P	273000	P	6.2	P	1.85	P
USGS	7374000	2022-07-16	19.1	P	29.8	P	13.2	P	9.59	P	9.22	P	9.37	P	31.3	P	30.7	P	31	P	485	P	476	P	481	P	0.2	P	0.2	P	0.2	P	8.1	P	8	P	8.1	P	274000	P	6.4	P	1.83	P
USGS	7374000	2022-07-17	21.4	P	33.3	P	13.4	P	9.85	P	9.44	P	9.58	P	31.3	P	30.9	P	31.1	P	487	P	472	P	480	P	0.2	P	0.2	P	0.2	P	8.1	P	8.1	P	8.1	P	278000	P	6.4	P	1.75	P
USGS	7374000	2022-07-18	20.8	P	24.3	P	17.4	P	10.19	P	9.85	P	9.98	P	31.2	P	30.9	P	31	P	511	P	475	P	487	P	0.3	P	0.2	P	0.2	P	8.1	P	8.1	P	8.1	P	287000	P	6.5	P	1.72	P
USGS	7374000	2022-07-19	19.7	P	28.6	P	12.2	P	10.41	P	10.17	P	10.3	P	31.5	P	30.9	P	31.2	P	497	P	477	P	485	P	0.2	P	0.2	P	0.2	P	8.1	P	8.1	P	8.1	P	294000	P	6.5	P	1.72	P
USGS	7374000	2022-07-20	17.2	P	20.3	P	14.4	P	10.52	P	10.37	P	10.45	P	31.4	P	30.9	P	31.2	P	489	P	475	P	480	P	0.2	P	0.2	P	0.2	P	8.1	P	8.1	P	8.1	P	297000	P	6.6	P	1.75	P
USGS	7374000	2022-07-21	19.1	P	30.1	P	14.6	P	10.57	P	10.41	P	10.48	P	31.4	P	30.9	P	31.1	P	487	P	473	P	479	P	0.2	P	0.2	P	0.2	P	8.2	P	8.1	P	8.1	P	298000	P	6.6	P	1.73	P
USGS	7374000	2022-07-22	21.3	P	32	P	16.1	P	10.62	P	10.35	P	10.51	P	30.9	P	30.4	P	30.7	P	480	P	469	P	474	P	0.2	P	0.2	P	0.2	P	8.1	P	8.1	P	8.1	P	298000	P	6.5	P	1.69	P
USGS	7374000	2022-07-23	20.4	P	45	P	14.4	P	10.46	P	10.28	P	10.37	P	30.6	P	30.3	P	30.4	P	490	P	478	P	484	P	0.2	P	0.2	P	0.2	P	8.1	P	8.1	P	8.1	P	295000	P	6.4	P	1.7	P
USGS	7374000	2022-07-24	17.5	P	31.8	P	14.1	P	10.53	P	10.23	P	10.36	P	30.8	P	30.2	P	30.5	P	521	P	485	P	508	P	0.3	P	0.2	P	0.3	P	8.2	P	8.1	P	8.2	P	295000	P	6.6	P	1.7	P
USGS	7374000	2022-07-25	19.1	P	25.5	P	14.2	P	10.64	P	10.31	P	10.47	P	30.7	P	30.5	P	30.6	P	502	P	485	P	494	P	0.2	P	0.2	P	0.2	P	8.2	P	8.1	P	8.2	P	297000	P	6.6	P	1.65	P
USGS	7374000	2022-07-26	21.8	P	34.4	P	16.2	P	10.51	P	10.23	P	10.34	P	30.7	P	30.3	P	30.5	P	505	P	490	P	497	P	0.2	P	0.2	P	0.2	P	8.2	P	8.1	P	8.1	P	295000	P	6.5	P	1.62	P
USGS	7374000	2022-07-27	21.1	P	26.1	P	0	P	10.41	P	10.08	P	10.23	P	30.6	P	30.2	P	30.4	P	497	P	483	P	492	P	0.2	P	0.2	P	0.2	P	8.1	P	8.1	P	8.1	P	292000	P	6.4	P	1.6	P
USGS	7374000	2022-07-28	23	P	30.6	P	20.2	P	10.43	P	10.19	P	10.31	P	30.8	P	30.3	P	30.5	P	503	P	481	P	487	P	0.2	P	0.2	P	0.2	P	8.1	P	7.9	P	7.9	P	294000	P	6.4	P	1.6	P
USGS	7374000	2022-07-29	22.3	P	31.2	P	18.8	P	10.37	P	9.98	P	10.11	P	30.7	P	30.4	P	30.5	P	510	P	473	P	483	P	0.3	P	0.2	P	0.2	P	8	P	7.9	P	8	P	290000	P	6.3	P	1.56	P
USGS	7374000	2022-07-30	21.7	P	27.2	P	14.7	P	10.08	P	9.73	P	9.83	P	30.6	P	30.2	P	30.4	P	500	P	468	P	480	P	0.2	P	0.2	P	0.2	P	8	P	8	P	8	P	283000	P	6.3	P	1.52	P
USGS	7374000	2022-07-31	21.4	P	28.2	P	14.1	P	9.78	P	9.47	P	9.59	P	30.4	P	30	P	30.2	P	490	P	453	P	467	P	0.2	P	0.2	P	0.2	P	8	P	8	P	8	P	278000	P	6.2	P	1.49	P
USGS	7374000	2022-08-01	20.9	P	25.9	P	13.2	P	9.69	P	9.39	P	9.53	P	30.7	P	30.2	P	30.4	P	456	P	445	P	451	P	0.2	P	0.2	P	0.2	P	8	P	8	P	8	P	277000	P	6.2	P	1.48	P
USGS	7374000	2022-08-02	18.6	P	23.4	P	15.6	P	10.01	P	9.63	P	9.77	P	30.7	P	30.3	P	30.5	P	463	P	452	P	455	P	0.2	P	0.2	P	0.2	P	8	P	8	P	8	P	282000	P	6.3	P	1.42	P
USGS	7374000	2022-08-03	23	P	38.4	P	15.8	P	10.69	P	9.96	P	10.33	P	30.4	P	30	P	30.1	P	472	P	430	P	453	P	0.2	P	0.2	P	0.2	P	8	P	8	P	8	P	294000	P	6.3	P	1.31	P
USGS	7374000	2022-08-04	26.4	P	44.4	P	16.1	P	11.49	P	10.68	P	11.09	P	30.1	P	29.8	P	30	P	477	P	462	P	469	P	0.2	P	0.2	P	0.2	P	8	P	8	P	8	P	311000	P	6.2	P	1.35	P
USGS	7374000	2022-08-05	32.5	P	37.6	P	22.4	P	12.37	P	11.47	P	11.94	P	29.8	P	29.6	P	29.7	P	482	P	466	P	476	P	0.2	P	0.2	P	0.2	P	8	P	8	P	8	P	329000	P	6.2	P	1.4	P
USGS	7374000	2022-08-06	36.1	P	41.3	P	29.8	P	13.03	P	12.36	P	12.7	P	29.9	P	29.5	P	29.7	P	474	P	446	P	461	P	0.2	P	0.2	P	0.2	P	8	P	8	P	8	P	345000	P	6.3	P	1.37	P
USGS	7374000	2022-08-07	37.9	P	48.1	P	32.2	P	13.54	P	12.98	P	13.28	P	29.8	P	29.5	P	29.6	P	451	P	438	P	445	P	0.2	P	0.2	P	0.2	P	8	P	8	P	8	P	358000	P	6.2	P	1.34	P
USGS	7374000	2022-08-08	37.7	P	42.5	P	33	P	13.93	P	13.48	P	13.69	P	29.8	P	29.5	P	29.7	P	449	P	437	P	445	P	0.2	P	0.2	P	0.2	P	8	P	7.9	P	8	P	367000	P	6.1	P	1.32	P
USGS	7374000	2022-08-09	42.2	P	47.5	P	39.5	P	14.27	P	13.81	P	14.02	P	29.8	P	29.5	P	29.7	P	440	P	420	P	430	P	0.2	P	0.2	P	0.2	P	7.9	P	7.9	P	7.9	P	374000	P	6.1	P	1.35	P
USGS	7374000	2022-08-10	44.5	P	49	P	39.2	P	14.48	P	14.13	P	14.29	P	29.7	P	29.5	P	29.6	P	423	P	406	P	416	P	0.2	P	0.2	P	0.2	P	7.9	P	7.9	P	7.9	P	379000	P	6.1	P	1.35	P
USGS	7374000	2022-08-11	46.2	P	51	P	42.6	P	14.44	P	14.21	P	14.33	P	29.5	P	29.2	P	29.4	P	406	P	363	P	382	P	0.2	P	0.2	P	0.2	P	7.9	P	7.9	P	7.9	P	380000	P	6.2	P	1.28	P
USGS	7374000	2022-08-12	48.9	P	59.1	P	43	P	14.37	P	14.08	P	14.19	P	29.4	P	29.1	P	29.2	P	383	P	367	P	375	P	0.2	P	0.2	P	0.2	P	7.9	P	7.8	P	7.9	P	377000	P	6.1	P	1.26	P
USGS	7374000	2022-08-13	46	P	53.3	P	39.2	P	14.21	P	13.92	P	14.03	P	29.6	P	29.1	P	29.3	P	385	P	375	P	379	P	0.2	P	0.2	P	0.2	P	7.9	P	7.8	P	7.9	P	374000	P	6.2	P	1.21	P
USGS	7374000	2022-08-14	39.4	P	47.4	P	33.4	P	13.97	P	13.58	P	13.72	P	29.8	P	29.2	P	29.5	P	386	P	376	P	382	P	0.2	P	0.2	P	0.2	P	7.9	P	7.9	P	7.9	P	367000	P	6.2	P	1.19	P
USGS	7374000	2022-08-15	32.9	P	39.2	P	26.6	P	13.6	P	13.16	P	13.4	P	30.2	P	29.6	P	29.9	P	407	P	384	P	392	P	0.2	P	0.2	P	0.2	P	7.9	P	7.9	P	7.9	P	360000	P	6.3	P	1.16	P
USGS	7374000	2022-08-16	30	P	33.5	P	27	P	13.2	P	12.58	P	12.89	P	30.6	P	30	P	30.3	P	425	P	390	P	407	P	0.2	P	0.2	P	0.2	P	7.9	P	7.9	P	7.9	P	349000	P	6.3	P	1.08	P
USGS	7374000	2022-08-17	31	P	47.9	P	25.6	P	12.59	P	12	P	12.33	P	30.7	P	30.2	P	30.5	P	411	P	389	P	398	P	0.2	P	0.2	P	0.2	P	8	P	7.9	P	7.9	P	337000	P	6.3	P	1	P
USGS	7374000	2022-08-18	27.1	P	36.8	P	22.7	P	12.01	P	11.78	P	11.86	P	30.6	P	30.3	P	30.4	P	401	P	389	P	393	P	0.2	P	0.2	P	0.2	P	8	P	7.9	P	7.9	P	327000	P	6.3	P	0.9	P
USGS	7374000	2022-08-19	27.9	P	34.2	P	21.2	P	12.49	P	11.8	P	12.19	P	30.3	P	29.9	P	30.2	P	402	P	395	P	398	P	0.2	P	0.2	P	0.2	P	7.9	P	7.9	P	7.9	P	333000	P	6.2	P	0.84	P
USGS	7374000	2022-08-20	46.1	P	86.2	P	26.5	P	12.66	P	12.39	P	12.52	P	29.9	P	29.3	P	29.7	P	418	P	392	P	398	P	0.2	P	0.2	P	0.2	P	7.9	P	7.8	P	7.9	P	340000	P	6	P	0.81	P
USGS	7374000	2022-08-21	71.9	P	103	P	53.8	P	12.4	P	11.87	P	12.06	P	29.5	P	29.2	P	29.3	P	422	P	395	P	406	P	0.2	P	0.2	P	0.2	P	7.8	P	7.8	P	7.8	P	330000	P	5.6	P	0.77	P
USGS	7374000	2022-08-22	47.4	P	64.4	P	33.5	P	11.94	P	11.74	P	11.84	P	29.2	P	28.9	P	29.1	P	404	P	393	P	399	P	0.2	P	0.2	P	0.2	P	7.9	P	7.8	P	7.9	P	325000	P	6	P	0.71	P
USGS	7374000	2022-08-23	39.9	P	51.4	P	31.4	P	12	P	11.71	P	11.84	P	28.9	P	28.4	P	28.6	P	407	P	392	P	400	P	0.2	P	0.2	P	0.2	P	7.9	P	7.9	P	7.9	P	325000	P	6.2	P	0.64	P
USGS	7374000	2022-08-24	54.6	P	64.5	P	44.2	P	13.1	P	11.92	P	12.34	P	28.4	P	28	P	28.2	P	407	P	383	P	392	P	0.2	P	0.2	P	0.2	P	7.9	P	7.8	P	7.9	P	335000	P	6.1	P	0.62	P
USGS	7374000	2022-08-25	67.2	P	79.4	P	51.9	P	13.78	P	13.09	P	13.44	P	28	P	27.7	P	27.9	P	387	P	372	P	378	P	0.2	P	0.2	P	0.2	P	7.9	P	7.8	P	7.8	P	359000	P	6	P	0.62	P
USGS	7374000	2022-08-26	72.9	P	91.5	P	61.9	P	13.88	P	13.67	P	13.74	P	27.7	P	27.6	P	27.6	P	410	P	365	P	380	P	0.2	P	0.2	P	0.2	P	7.8	P	7.7	P	7.8	P	365000	P	5.9	P	0.57	P
USGS	7374000	2022-08-27							13.86	P	13.64	P	13.75	P																									365000	P	5.6	P	0.55	P
USGS	7374000	2022-08-28	73.1	P	86.3	P	59.5	P	13.66	P	13.22	P	13.41	P	27.9	P	27.6	P	27.7	P	390	P	350	P	359	P	0.2	P	0.2	P	0.2	P	7.8	P	7.7	P	7.8	P	358000	P	5.7	P	0.54	P
USGS	7374000	2022-08-29	59.4	P	69.3	P	49.2	P	13.26	P	12.62	P	12.92	P	27.8	P	27.6	P	27.7	P	371	P	359	P	364	P	0.2	P	0.2	P	0.2	P	7.7	P	7.7	P	7.7	P	347000	P	5.6	P	0.53	P
USGS	7374000	2022-08-30	42.6	P	57.7	P	32.9	P	12.62	P	12.04	P	12.29	P	28.3	P	27.8	P	28.1	P	373	P	364	P	368	P	0.2	P	0.2	P	0.2	P	7.8	P	7.7	P	7.8	P	333000	P	5.7	P	0.52	P
USGS	7374000	2022-08-31	32.1	P	59.1	P	24.2	P	12.04	P	11.86	P	11.96	P	28.9	P	28.2	P	28.6	P	387	P	372	P	381	P	0.2	P	0.2	P	0.2	P	7.8	P	7.8	P	7.8	P	326000	P	5.8	P	0.5	P
USGS	7374000	2022-09-01	25.9	P	31.1	P	19.5	P	11.88	P	11.54	P	11.74	P	29.5	P	28.9	P	29.2	P	399	P	378	P	388	P	0.2	P	0.2	P	0.2	P	7.8	P	7.8	P	7.8	P	320000	P	5.9	P	0.48	P
USGS	7374000	2022-09-02	24.3	P	33.7	P	16.8	P	11.56	P	11.22	P	11.44	P	29.7	P	29.3	P	29.5	P	399	P	386	P	392	P	0.2	P	0.2	P	0.2	P	7.9	P	7.8	P	7.8	P	314000	P	6	P	0.46	P
USGS	7374000	2022-09-03	18.9	P	22.1	P	15.1	P	11.24	P	10.79	P	11.11	P	29.6	P	29.4	P	29.5	P	429	P	392	P	406	P	0.2	P	0.2	P	0.2	P	7.9	P	7.8	P	7.9	P	306000	P	5.9	P	0.44	P
USGS	7374000	2022-09-04	17.6	P	24	P	13.9	P	10.79	P	10.24	P	10.57	P	29.5	P	29.3	P	29.5	P	431	P	403	P	409	P	0.2	P	0.2	P	0.2	P	7.9	P	7.8	P	7.9	P	294000	P	5.9	P	0.42	P
USGS	7374000	2022-09-05	18	P	30.6	P	12.8	P	10.24	P	9.73	P	10.04	P	29.4	P	29.2	P	29.3	P	414	P	363	P	401	P	0.2	P	0.2	P	0.2	P	7.9	P	7.9	P	7.9	P	282000	P	5.9	P	0.41	P
USGS	7374000	2022-09-06	19.2	P	27.7	P	12.8	P	9.74	P	9.28	P	9.57	P	29.3	P	29	P	29.2	P	419	P	391	P	408	P	0.2	P	0.2	P	0.2	P	7.9	P	7.8	P	7.9	P	272000	P	5.9	P	0.4	P
USGS	7374000	2022-09-07	23.2	P	31.9	P	16.1	P	9.28	P	8.72	P	8.96	P	29.2	P	28.8	P	29	P	406	P	389	P	399	P	0.2	P	0.2	P	0.2	P	7.8	P	7.8	P	7.8	P	257000	P	5.8	P	0.42	P
USGS	7374000	2022-09-08	23.1	P	36.5	P	16.1	P	8.72	P	8.26	P	8.43	P	29	P	28.6	P	28.8	P	445	P	401	P	425	P	0.2	P	0.2	P	0.2	P	7.9	P	7.8	P	7.8	P	244000	P	5.8	P	0.45	P
USGS	7374000	2022-09-09	17.9	P	26.7	P	12	P	8.53	P	8.07	P	8.28	P	28.9	P	28.3	P	28.6	P	443	P	411	P	419	P	0.2	P	0.2	P	0.2	P	7.9	P	7.8	P	7.9	P	240000	P	6	P	0.51	P
USGS	7374000	2022-09-10	18.4	P	39.7	P	12	P	8.44	P	8.1	P	8.22	P	29.2	P	28.6	P	28.9	P	451	P	425	P	442	P	0.2	P	0.2	P	0.2	P	7.9	P	7.9	P	7.9	P	238000	P	6.1	P	0.55	P
USGS	7374000	2022-09-11	13.7	P	22.3	P	9.1	P	8.25	P	8	P	8.1	P	29.3	P	28.7	P	29	P	466	P	436	P	447	P	0.2	P	0.2	P	0.2	P	7.9	P	7.9	P	7.9	P	235000	P	6.2	P	0.59	P
USGS	7374000	2022-09-12	12.1	P	20.4	P	8.8	P	8.37	P	8.21	P	8.29	P	29.3	P	28.7	P	29	P	463	P	438	P	445	P	0.2	P	0.2	P	0.2	P	8	P	7.9	P	8	P	239000	P	6.4	P	0.58	P
USGS	7374000	2022-09-13	16.8	P	23.4	P	10.7	P	8.53	P	8.36	P	8.46	P	28.8	P	28.4	P	28.6	P	465	P	439	P	449	P	0.2	P	0.2	P	0.2	P	8	P	7.9	P	7.9	P	243000	P	6.3	P	0.56	P
USGS	7374000	2022-09-14	19.1	P	30.2	P	11.4	P	8.77	P	8.51	P	8.65	P	28.5	P	28.1	P	28.3	P	445	P	429	P	437	P	0.2	P	0.2	P	0.2	P	8	P	7.9	P	8	P	248000	P	6.4	P	0.54	P
USGS	7374000	2022-09-15	16.2	P	20	P	11.6	P	8.87	P	8.61	P	8.74	P	28.3	P	27.9	P	28.1	P	487	P	432	P	442	P	0.2	P	0.2	P	0.2	P	8	P	8	P	8	P	249000	P	6.5	P	0.54	P
USGS	7374000	2022-09-16	14.3	P	20.1	P	10.5	P	8.93	P	8.64	P	8.78	P	28.2	P	27.8	P	27.9	P	487	P	449	P	465	P	0.2	P	0.2	P	0.2	P	8	P	8	P	8	P	250000	P	6.7	P	0.53	P
USGS	7374000	2022-09-17	14.5	P	21.3	P	10.2	P	8.85	P	8.49	P	8.69	P	28.1	P	27.7	P	27.9	P	458	P	432	P	443	P	0.2	P	0.2	P	0.2	P	8	P	8	P	8	P	248000	P	6.7	P	0.51	P
USGS	7374000	2022-09-18	14.2	P	20.3	P	9.7	P	8.58	P	8.17	P	8.44	P	28.1	P	27.8	P	27.9	P	446	P	430	P	436	P	0.2	P	0.2	P	0.2	P	8	P	8	P	8	P	241000	P	6.6	P	0.51	P
USGS	7374000	2022-09-19	13	P	18.1	P	8.9	P	8.17	P	7.64	P	7.99	P	28.3	P	27.9	P	28	P	458	P	430	P	446	P	0.2	P	0.2	P	0.2	P	8	P	7.9	P	8	P	229000	P	6.6	P	0.53	P
USGS	7374000	2022-09-20	14	P	18.6	P	9.2	P	7.72	P	7.45	P	7.59	P	28.2	P	27.8	P	28	P	430	P	418	P	425	P	0.2	P	0.2	P	0.2	P	8	P	7.9	P	8	P	219000	P	6.5	P	0.52	P
USGS	7374000	2022-09-21	14.5	P	20.7	P	9.2	P	7.47	P	7.18	P	7.34	P	28.4	P	27.9	P	28.1	P	434	P	420	P	425	P	0.2	P	0.2	P	0.2	P	8	P	7.9	P	7.9	P	212000	P	6.4	P	0.52	P
USGS	7374000	2022-09-22	14	P	22.5	P	6.7	P	7.21	P	6.89	P	7.02	P	28.5	P	28	P	28.2	P	471	P	423	P	443	P	0.2	P	0.2	P	0.2	P	7.9	P	7.9	P	7.9	P	204000	P	6.4	P	0.54	P
USGS	7374000	2022-09-23	15.4	P	51.5	P	6.7	P	6.91	P	6.66	P	6.77	P	28.6	P	28	P	28.3	P	464	P	431	P	441	P	0.2	P	0.2	P	0.2	P	8	P	7.9	P	7.9	P	197000	P	6.4	P		
USGS	7374000	2022-09-24	13.1	P	59.5	P	8.1	P	6.76	P	6.48	P	6.58	P	28.7	P	28.1	P	28.4	P	450	P	438	P	443	P	0.2	P	0.2	P	0.2	P	8	P	7.9	P	7.9	P	193000	P	6.5	P		
USGS	7374000	2022-09-25	14.2	P	42.1	P	6.9	P	6.55	P	6.39	P	6.46	P	28.8	P	28.2	P	28.5	P	473	P	446	P	454	P	0.2	P	0.2	P	0.2	P	8	P	7.9	P	7.9	P	189000	P	6.5	P		
USGS	7374000	2022-09-26	14	P	42.8	P	6.6	P	6.43	P	6.31	P	6.36	P	28.8	P	27.8	P	28.3	P	477	P	459	P	468	P	0.2	P	0.2	P	0.2	P	8	P	7.9	P	8	P	187000	P	6.6	P		
USGS	7374000	2022-09-27	12.6	P	25.5	P	6.6	P	6.7	P	6.4	P	6.56	P	28	P	27.1	P	27.6	P	470	P	455	P	462	P	0.2	P	0.2	P	0.2	P	8.1	P	8	P	8	P	192000	P	6.8	P		
USGS	7374000	2022-09-28	17.1	P	41.4	P	7.4	P	7.18	P	6.59	P	6.93	P	27.1	P	26.4	P	26.9	P	509	P	470	P	490	P	0.3	P	0.2	P	0.2	P	8.1	P	8	P	8	P	202000	P	7	P		
USGS	7374000	2022-09-29	13.2	P	28.1	P	6.9	P	6.91	P	5.84	P	6.59	P	26.5	P	25.7	P	26.2	P	476	P	445	P	456	P	0.2	P	0.2	P	0.2	P	8.1	P	8	P	8	P	193000	P	7.2	P		
USGS	7374000	2022-09-30	25.1	P	76.9	P	9.6	P	6.04	P	5.21	P	5.71	P	26	P	25.3	P	25.7	P	463	P	447	P	454	P	0.2	P	0.2	P	0.2	P	8.1	P	8	P	8	P	171000	P	7.1	P		
USGS	7374000	2022-10-01	19.7	P	44.7	P	8	P	5.72	P	5.03	P	5.41	P	25.7	P	24.8	P	25.3	P	490	P	457	P	475	P	0.2	P	0.2	P	0.2	P	8.1	P	8	P	8	P	163000	P	7.2	P		
USGS	7374000	2022-10-02	22.3	P	47.7	P	9.7	P	5.77	P	5.01	P	5.41	P	25.3	P	24.4	P	24.8	P	478	P	457	P	467	P	0.2	P	0.2	P	0.2	P	8.1	P	8	P	8	P	163000	P	7.1	P		
USGS	7374000	2022-10-03	22.7	P	54.6	P	8.6	P	5.68	P	4.84	P	5.31	P	25.1	P	24	P	24.4	P	479	P	460	P	467	P	0.2	P	0.2	P	0.2	P	8	P	8	P	8	P	161000	P	7.2	P		
USGS	7374000	2022-10-04	11.6	P	21.6	P	5.9	P	5.51	P	4.93	P	5.27	P	24.7	P	24.1	P	24.3	P	489	P	468	P	478	P	0.2	P	0.2	P	0.2	P	8	P	8	P	8	P	160000	P	7.1	P		
USGS	7374000	2022-10-05	13.1	P	42.3	P	5.9	P	5.54	P	4.97	P	5.26	P	25.2	P	24.1	P	24.4	P	514	P	481	P	491	P	0.3	P	0.2	P	0.2	P	8.1	P	8	P	8	P	159000	P	7.1	P		
USGS	7374000	2022-10-06	14.4	P	28.8	P	6	P	5.45	P	4.93	P	5.19	P	24.7	P	23.9	P	24.2	P	514	P	471	P	481	P	0.3	P	0.2	P	0.2	P	8	P	8	P	8	P	158000	P	7.1	P		
USGS	7374000	2022-10-07	16	P	41.9	P	5.9	P	5.22	P	4.92	P	5.05	P	24.9	P	23.8	P	24.2	P	529	P	479	P	495	P	0.3	P	0.2	P	0.2	P	8	P	8	P	8	P	154000	P	7.1	P		
USGS	7374000	2022-10-08	12.3	P	21.3	P	5.8	P	5.34	P	4.9	P	5.06	P	24.3	P	23.5	P	23.9	P	531	P	501	P	515	P	0.3	P	0.2	P	0.3	P	8	P	8	P	8	P	154000	P	7.3	P		
USGS	7374000	2022-10-09	12.3	P	28.4	P	5.6	P	5.29	P	5.05	P	5.15	P	24.4	P	23.2	P	23.7	P	503	P	480	P	488	P	0.2	P	0.2	P	0.2	P	8.1	P	8	P	8	P	157000	P	7.4	P		
USGS	7374000	2022-10-10	10.5	P	17	P	6.9	P	5.5	P	5.14	P	5.25	P	23.8	P	23.1	P	23.4	P	536	P	482	P	513	P	0.3	P	0.2	P	0.3	P	8	P	8	P	8	P	159000	P	7.4	P		
USGS	7374000	2022-10-11	16.4	P	48.5	P	8.9	P	5.66	P	5.17	P	5.43	P	23.9	P	22.9	P	23.3	P	507	P	480	P	490	P	0.2	P	0.2	P	0.2	P	8	P	8	P	8	P	164000	P	7.4	P		
USGS	7374000	2022-10-12	21.2	P	45.4	P	8.8	P	5.85	P	5.33	P	5.53	P	23.8	P	23	P	23.2	P	508	P	486	P	495	P	0.3	P	0.2	P	0.2	P	8	P	8	P	8	P	166000	P	7.3	P		
USGS	7374000	2022-10-13	16.7	P	25.3	P	9	P	6.01	P	5.42	P	5.67	P	23.5	P	22.7	P	23.1	P	531	P	485	P	511	P	0.3	P	0.2	P	0.3	P	8	P	8	P	8	P	170000	P	7.4	P		
USGS	7374000	2022-10-14	13.4	P	22.7	P	10	P	6.13	P	5.45	P	5.86	P	23.2	P	22.6	P	22.8	P	487	P	468	P	476	P	0.2	P	0.2	P	0.2	P	8.1	P	8	P	8	P	174000	P	7.6	P		
USGS	7374000	2022-10-15	13.1	P	21.9	P	9.6	P	5.95	P	5.28	P	5.64	P	23.4	P	22.5	P	22.7	P	497	P	473	P	486	P	0.2	P	0.2	P	0.2	P	8.1	P	8	P	8.1	P	169000	P	7.9	P		
USGS	7374000	2022-10-16	11.5	P	18.5	P	7.3	P	5.72	P	5.18	P	5.48	P	23.3	P	22.5	P	22.8	P	505	P	471	P	490	P	0.2	P	0.2	P	0.2	P	8.2	P	8.1	P	8.1	P	165000	P	8.1	P		
USGS	7374000	2022-10-17	12.6	P	36.6	P	8.1	P	5.69	P	4.99	P	5.37	P	23	P	22	P	22.6	P	480	P	466	P	474	P	0.2	P	0.2	P	0.2	P	8.2	P	8.1	P	8.1	P	162000	P	8	P		
USGS	7374000	2022-10-18	12.2	P	19.1	P	8.3	P	5.68	P	4.93	P	5.33	P	22.2	P	20.8	P	21.5	P	514	P	459	P	477	P	0.3	P	0.2	P	0.2	P	8.2	P	8.1	P	8.1	P	161000	P	8.2	P		
USGS	7374000	2022-10-19	11.4	P	19.8	P	7.7	P	5.28	P	4.64	P	5.02	P	21.4	P	20.4	P	20.9	P													8.2	P	8.1	P	8.1	P	153000	P	8.2	P		
USGS	7374000	2022-10-20							4.65	P	4.14	P	4.41	P																									139000	P	9.9	P		
USGS	7374000	2022-10-21							4.38	P	4.04	P	4.22	P																									134000	P	9.7	P		
USGS	7374000	2022-10-22							4.31	P	4.1	P	4.18	P																									133000	P	9.3	P		
USGS	7374000	2022-10-23	1	P	2.1	P	0.5	P	4.42	P	4.22	P	4.3	P																									136000	P	9.2	P		
USGS	7374000	2022-10-24	8.6	P	34.8	P	0.1	P	4.6	P	4.24	P	4.45	P	20.8	P	18	P	19.6	P																			139000	P	8.9	P		
USGS	7374000	2022-10-25	14.8	P	27.6	P	0.6	P	4.98	P	4.35	P	4.64	P	20.1	P	17.7	P	19.4	P													8.2	P	8.1	P	8.1	P	144000	P	8.9	P		
USGS	7374000	2022-10-26							4.85	P	4.17	P	4.52	P																									141000	P	9.3	P		
USGS	7374000	2022-10-27							4.96	P	4.12	P	4.55	P																									142000	P	9.4	P		
USGS	7374000	2022-10-28							5.05	P	4.2	P	4.6	P																			8.3	P	7.9	P	8.1	P	143000	P	9.2	P		
USGS	7374000	2022-10-29							5.58	P	4.29	P	4.99	P	19.4	P	17.8	P	18.9	P													8.3	P	8	P	8.1	P	153000	P	8.7	P		
USGS	7374000	2022-10-30	16.7	P	52.3	P	4.5	P	5.42	P	4.51	P	4.99	P	19.7	P	18.4	P	18.8	P													8.1	P	8.1	P	8.1	P	153000	P	8.6	P		
USGS	7374000	2022-10-31	13.8	P	22	P	9.2	P	5.44	P	4.51	P	5.01	P	19.6	P	18	P	18.9	P													8.2	P	8	P	8.1	P	153000	P	8.6	P		
USGS	7374000	2022-11-01	16.1	P	33.6	P	9	P	5.32	P	4.54	P	4.98	P	19.2	P	18.4	P	18.7	P													8.1	P	8	P	8.1	P	152000	P	8.5	P		
USGS	7374000	2022-11-02	18.9	P	40.7	P	9.9	P	5.08	P	4.53	P	4.8	P	19.4	P	17.4	P	18.6	P													8.1	P	8	P	8.1	P	148000	P	8.6	P		
USGS	7374000	2022-11-03	19	P	37.6	P	2.5	P	5.04	P	4.43	P	4.75	P	19.2	P	17.1	P	18.3	P													8.2	P	7.8	P	8.1	P	147000	P	8.8	P		
USGS	7374000	2022-11-04	22.9	P	51.3	P	12.6	P	5.23	P	4.75	P	4.98	P	19.5	P	18.4	P	18.7	P	539	P	496	P	521	P	0.3	P	0.2	P	0.3	P	8.1	P	8	P	8.1	P	152000	P	8.5	P		
USGS	7374000	2022-11-05	19.9	P	27.6	P	15.7	P	5.52	P	5.21	P	5.41	P	18.9	P	18.1	P	18.6	P	532	P	496	P	515	P	0.3	P	0.2	P	0.3	P	8.1	P	8	P	8.1	P	163000	P	8.5	P		
USGS	7374000	2022-11-06																																							8.4	P		
USGS	7374000	2022-11-07	23.9	P	48.4	P	16.1	P	5.68	P	5.26	P	5.5	P	19.4	P	18.4	P	18.8	P	487	P	471	P	479	P	0.2	P	0.2	P	0.2	P	8.1	P	8	P	8	P	165000	P	8.4	P		
USGS	7374000	2022-11-08	17.1	P	25	P	12.3	P	5.8	P	5.16	P	5.51	P	19.3	P	18.8	P	19	P	489	P	479	P	484	P	0.2	P	0.2	P	0.2	P	8.1	P	8	P	8	P	166000	P	8.5	P		
USGS	7374000	2022-11-09	16	P	23.4	P	12.5	P	5.74	P	5.36	P	5.58	P	19.4	P	18.9	P	19.1	P	496	P	484	P	489	P	0.2	P	0.2	P	0.2	P	8	P	8	P	8	P	167000	P	8.4	P		
USGS	7374000	2022-11-10	17.7	P	25.6	P	12.6	P							19.3	P	18.8	P	19	P	523	P	485	P	505	P	0.3	P	0.2	P	0.2	P	8	P	8	P	8	P			8.4	P		
USGS	7374000	2022-11-11	26.2	P	45.8	P	18.7	P	6.1	P	5.35	P	5.74	P	19.1	P	18.7	P	18.8	P	525	P	496	P	508	P	0.3	P	0.2	P	0.3	P	8.1	P	8	P	8	P	171000	P	8.5	P		
USGS	7374000	2022-11-12	24.2	P	32.7	P	19.6	P	6.01	P	5.33	P	5.66	P	18.7	P	17.8	P	18.4	P	506	P	495	P	501	P	0.2	P	0.2	P	0.2	P	8.1	P	8	P	8.1	P	169000	P	8.6	P		
USGS	7374000	2022-11-13	20.4	P	24	P	16.6	P	5.88	P	5.28	P	5.61	P	18	P	17.3	P	17.7	P	512	P	479	P	491	P	0.3	P	0.2	P	0.2	P	8.1	P	8	P	8.1	P	168000	P	8.7	P		
USGS	7374000	2022-11-14	19.6	P	32.1	P	14.3	P	5.87	P	5.27	P	5.61	P	17.3	P	16.9	P	17.1	P	516	P	474	P	494	P	0.3	P	0.2	P	0.2	P	8.1	P	8.1	P	8.1	P	168000	P	8.8	P		
USGS	7374000	2022-11-15	20.6	P	27.6	P	16.3	P	6.27	P	5	P	5.83	P	16.9	P	15.9	P	16.4	P	491	P	469	P	478	P	0.2	P	0.2	P	0.2	P	8.1	P	8.1	P	8.1	P	174000	P	9	P		
USGS	7374000	2022-11-16	19.5	P	25.4	P	14.9	P	5.63	P	5.18	P	5.43	P	15.9	P	15.4	P	15.7	P	522	P	471	P	501	P	0.3	P	0.2	P	0.2	P	8.1	P	8	P	8.1	P	164000	P	9	P		
USGS	7374000	2022-11-17	16.2	P	21.7	P	13.1	P	5.64	P	5.15	P	5.4	P	15.5	P	14.9	P	15.2	P	524	P	469	P	501	P	0.3	P	0.2	P	0.2	P	8.1	P	8	P	8.1	P	163000	P	9.1	P		
USGS	7374000	2022-11-18	16.7	P	23	P	12.8	P	5.38	P	5.05	P	5.25	P	15.1	P	14.5	P	14.8	P	520	P	474	P	492	P	0.3	P	0.2	P	0.2	P	8.1	P	8.1	P	8.1	P	159000	P	9.3	P		
USGS	7374000	2022-11-19	14.7	P	17.7	P	12.7	P	5.67	P	5.14	P	5.44	P	14.6	P	14.1	P	14.4	P	520	P	482	P	495	P	0.3	P	0.2	P	0.2	P	8.1	P	8.1	P	8.1	P	164000	P	9.5	P		
USGS	7374000	2022-11-20	14.6	P	21.7	P	12.3	P	5.88	P	5.64	P	5.77	P	14.3	P	13.7	P	14	P	521	P	492	P	501	P	0.3	P	0.2	P	0.2	P	8.1	P	8	P	8.1	P	172000	P	9.6	P		
USGS	7374000	2022-11-21	18.1	P	21.7	P	14.3	P	6.07	P	5.75	P	5.95	P	13.8	P	13.3	P	13.6	P	520	P	499	P	507	P	0.3	P	0.2	P	0.2	P	8.1	P	8.1	P	8.1	P	177000	P	9.7	P		
USGS	7374000	2022-11-22	20.9	P	26.1	P	15.9	P	6.58	P	6.07	P	6.34	P	13.3	P	12.9	P	13.1	P	511	P	487	P	498	P	0.3	P	0.2	P	0.2	P	8.1	P	8.1	P	8.1	P	187000	P	9.9	P		
USGS	7374000	2022-11-23	23.8	P	33.8	P	18.1	P	7.31	P	6.55	P	7	P	13.1	P	12.8	P	12.9	P	506	P	487	P	496	P	0.2	P	0.2	P	0.2	P	8.1	P	8.1	P	8.1	P	203000	P	10	P	0.53	P
USGS	7374000	2022-11-24	30	P	48.9	P	22.1	P	7.83	P	7.19	P	7.54	P	13.4	P	12.7	P	12.9	P	513	P	469	P	499	P	0.3	P	0.2	P	0.2	P	8.2	P	8.1	P	8.1	P	217000	P	10	P	0.54	P
USGS	7374000	2022-11-25	37.7	P	56.5	P	28	P	8.52	P	7.83	P	8.18	P	13.4	P	12.7	P	13	P	486	P	457	P	473	P	0.2	P	0.2	P	0.2	P	8.1	P	8.1	P	8.1	P	234000	P	10	P	0.58	P
USGS	7374000	2022-11-26	35.6	P	47.7	P	28	P	8.85	P	7.98	P	8.56	P	13	P	12.5	P	12.7	P	496	P	452	P	476	P	0.2	P	0.2	P	0.2	P	8.1	P	8.1	P	8.1	P	244000	P	10	P	0.6	P
USGS	7374000	2022-11-27	33.7	P	47.9	P	21.8	P	9.12	P	8.36	P	8.81	P	13	P	12.4	P	12.6	P	467	P	449	P	458	P	0.2	P	0.2	P	0.2	P	8.1	P	8.1	P	8.1	P	250000	P	10	P	0.61	P
USGS	7374000	2022-11-28	31.2	P	41.7	P	21.3	P	8.82	P	8.22	P	8.53	P	12.6	P	12.3	P	12.4	P	465	P	455	P	457	P	0.2	P	0.2	P	0.2	P	8.1	P	8.1	P	8.1	P	243000	P	10.1	P	0.67	P
USGS	7374000	2022-11-29							8.81	P	8.25	P	8.56	P	21.2	P	12.2	P	14.2	P	461	P	8	P	355	P	0.2	P	0	P	0.2	P	8.1	P	7.9	P	8.1	P	244000	P	9.9	P	0.72	P
USGS	7374000	2022-11-30							8.98	P	8.54	P	8.78	P	21.2	P	12.3	P	13.4	P	459	P	8	P	408	P	0.2	P	0	P	0.2	P	8.1	P	8	P	8.1	P	249000	P	10.2	P	0.78	P
USGS	7374000	2022-12-01	37.4	P	50.8	P	23.8	P	9.14	P	8.66	P	8.95	P	12.3	P	11.8	P	12.1	P	493	P	449	P	466	P	0.2	P	0.2	P	0.2	P	8.1	P	8	P	8.1	P	253000	P	10.3	P	0.81	P
USGS	7374000	2022-12-02	23.2	P	26.3	P	20.5	P	8.93	P	8.54	P	8.72	P	12	P	11.6	P	11.8	P	490	P	469	P	477	P	0.2	P	0.2	P	0.2	P	8.1	P	8.1	P	8.1	P	248000	P	10.5	P	0.81	P
USGS	7374000	2022-12-03	21.2	P	23.5	P	19	P	8.66	P	8.35	P	8.49	P	11.9	P	11.7	P	11.8	P	492	P	469	P	479	P	0.2	P	0.2	P	0.2	P	8.2	P	8.1	P	8.1	P	242000	P	10.5	P	0.8	P
USGS	7374000	2022-12-04	20.7	P	22.6	P	16.1	P	8.4	P	7.88	P	8.15	P	11.9	P	11.7	P	11.8	P	476	P	453	P	461	P	0.2	P	0.2	P	0.2	P	8.1	P	8.1	P	8.1	P	233000	P	10.5	P	0.78	P
USGS	7374000	2022-12-05	23.1	P	33.3	P	18.1	P	7.97	P	7.59	P	7.79	P	12.1	P	11.8	P	11.9	P	494	P	453	P	472	P	0.2	P	0.2	P	0.2	P	8.1	P	8.1	P	8.1	P	224000	P	10.4	P	0.77	P
USGS	7374000	2022-12-06	30.9	P	39.3	P	24.9	P	7.89	P	7.25	P	7.59	P	12.2	P	11.8	P	12	P	482	P	456	P	471	P	0.2	P	0.2	P	0.2	P	8.1	P	8.1	P	8.1	P	219000	P	10.3	P	0.81	P
USGS	7374000	2022-12-07	31.8	P	36.6	P	27.9	P	7.59	P	7.08	P	7.36	P	12.3	P	11.9	P	12.1	P	464	P	455	P	458	P	0.2	P	0.2	P	0.2	P	8.1	P	8.1	P	8.1	P	213000	P	10.3	P	0.82	P